Tournament,Stage,Match Type,Match Name,Team,Action,Map
Valorant Masters Santiago 2026,Swiss Stage,Round 1,Gentle Mates vs EDward Gaming,EDward Gaming,ban,Split
Valorant Masters Santiago 2026,Swiss Stage,Round 1,Gentle Mates vs EDward Gaming,Gentle Mates,ban,Breeze
Valorant Masters Santiago 2026,Swiss Stage,Round 1,Gentle Mates vs EDward Gaming,EDward Gaming,pick,Haven
Valorant Masters Santiago 2026,Swiss Stage,Round 1,Gentle Mates vs EDward Gaming,Gentle Mates,pick,Pearl
Valorant Masters Santiago 2026,Swiss Stage,Round 1,Gentle Mates vs EDward Gaming,EDward Gaming,ban,Bind
Valorant Masters Santiago 2026,Swiss Stage,Round 1,Gentle Mates vs EDward Gaming,Gentle Mates,ban,Corrode
Valorant Masters Santiago 2026,Swiss Stage,Round 1,Xi Lai Gaming vs NRG,Mega Minors,ban,Bind
Valorant Masters Santiago 2026,Swiss Stage,Round 1,Xi Lai Gaming vs NRG,Xi Lai Gaming,ban,Corrode
Valorant Masters Santiago 2026,Swiss Stage,Round 1,Xi Lai Gaming vs NRG,Mega Minors,pick,Haven
Valorant Masters Santiago 2026,Swiss Stage,Round 1,Xi Lai Gaming vs NRG,Xi Lai Gaming,pick,Abyss
Valorant Masters Santiago 2026,Swiss Stage,Round 1,Xi Lai Gaming vs NRG,Mega Minors,ban,Split
Valorant Masters Santiago 2026,Swiss Stage,Round 1,Xi Lai Gaming vs NRG,Xi Lai Gaming,ban,Breeze
Valorant Masters Santiago 2026,Swiss Stage,Round 1,G2 Esports vs Paper Rex,Paper Rex,ban,Abyss
Valorant Masters Santiago 2026,Swiss Stage,Round 1,G2 Esports vs Paper Rex,G2 Esports,ban,Haven
Valorant Masters Santiago 2026,Swiss Stage,Round 1,G2 Esports vs Paper Rex,Paper Rex,pick,Split
Valorant Masters Santiago 2026,Swiss Stage,Round 1,G2 Esports vs Paper Rex,G2 Esports,pick,Corrode
Valorant Masters Santiago 2026,Swiss Stage,Round 1,G2 Esports vs Paper Rex,Paper Rex,ban,Pearl
Valorant Masters Santiago 2026,Swiss Stage,Round 1,G2 Esports vs Paper Rex,G2 Esports,ban,Bind
Valorant Masters Santiago 2026,Swiss Stage,Round 1,T1 vs Team Liquid,Team Liquid,ban,Pearl
Valorant Masters Santiago 2026,Swiss Stage,Round 1,T1 vs Team Liquid,T1,ban,Bind
Valorant Masters Santiago 2026,Swiss Stage,Round 1,T1 vs Team Liquid,Team Liquid,pick,Breeze
Valorant Masters Santiago 2026,Swiss Stage,Round 1,T1 vs Team Liquid,T1,pick,Split
Valorant Masters Santiago 2026,Swiss Stage,Round 1,T1 vs Team Liquid,Team Liquid,ban,Abyss
Valorant Masters Santiago 2026,Swiss Stage,Round 1,T1 vs Team Liquid,T1,ban,Corrode
Valorant Masters Santiago 2026,Swiss Stage,Round 2 (1-0),Paper Rex vs NRG,Paper Rex,ban,Abyss
Valorant Masters Santiago 2026,Swiss Stage,Round 2 (1-0),Paper Rex vs NRG,Mega Minors,ban,Bind
Valorant Masters Santiago 2026,Swiss Stage,Round 2 (1-0),Paper Rex vs NRG,Paper Rex,pick,Split
Valorant Masters Santiago 2026,Swiss Stage,Round 2 (1-0),Paper Rex vs NRG,Mega Minors,pick,Pearl
Valorant Masters Santiago 2026,Swiss Stage,Round 2 (1-0),Paper Rex vs NRG,Paper Rex,ban,Corrode
Valorant Masters Santiago 2026,Swiss Stage,Round 2 (1-0),Paper Rex vs NRG,Mega Minors,ban,Breeze
Valorant Masters Santiago 2026,Swiss Stage,Round 2 (1-0),Gentle Mates vs Team Liquid,Gentle Mates,ban,Breeze
Valorant Masters Santiago 2026,Swiss Stage,Round 2 (1-0),Gentle Mates vs Team Liquid,Team Liquid,ban,Abyss
Valorant Masters Santiago 2026,Swiss Stage,Round 2 (1-0),Gentle Mates vs Team Liquid,Gentle Mates,pick,Pearl
Valorant Masters Santiago 2026,Swiss Stage,Round 2 (1-0),Gentle Mates vs Team Liquid,Team Liquid,pick,Bind
Valorant Masters Santiago 2026,Swiss Stage,Round 2 (1-0),Gentle Mates vs Team Liquid,Gentle Mates,ban,Corrode
Valorant Masters Santiago 2026,Swiss Stage,Round 2 (1-0),Gentle Mates vs Team Liquid,Team Liquid,ban,Haven
Valorant Masters Santiago 2026,Swiss Stage,Round 2 (0-1),EDward Gaming vs T1,T1,ban,Corrode
Valorant Masters Santiago 2026,Swiss Stage,Round 2 (0-1),EDward Gaming vs T1,EDward Gaming,ban,Breeze
Valorant Masters Santiago 2026,Swiss Stage,Round 2 (0-1),EDward Gaming vs T1,T1,pick,Bind
Valorant Masters Santiago 2026,Swiss Stage,Round 2 (0-1),EDward Gaming vs T1,EDward Gaming,pick,Haven
Valorant Masters Santiago 2026,Swiss Stage,Round 2 (0-1),EDward Gaming vs T1,T1,ban,Abyss
Valorant Masters Santiago 2026,Swiss Stage,Round 2 (0-1),EDward Gaming vs T1,EDward Gaming,ban,Pearl
Valorant Masters Santiago 2026,Swiss Stage,Round 2 (0-1),Xi Lai Gaming vs G2 Esports,Xi Lai Gaming,ban,Corrode
Valorant Masters Santiago 2026,Swiss Stage,Round 2 (0-1),Xi Lai Gaming vs G2 Esports,G2 Esports,ban,Pearl
Valorant Masters Santiago 2026,Swiss Stage,Round 2 (0-1),Xi Lai Gaming vs G2 Esports,Xi Lai Gaming,pick,Abyss
Valorant Masters Santiago 2026,Swiss Stage,Round 2 (0-1),Xi Lai Gaming vs G2 Esports,G2 Esports,pick,Haven
Valorant Masters Santiago 2026,Swiss Stage,Round 2 (0-1),Xi Lai Gaming vs G2 Esports,Xi Lai Gaming,ban,Split
Valorant Masters Santiago 2026,Swiss Stage,Round 2 (0-1),Xi Lai Gaming vs G2 Esports,G2 Esports,ban,Bind
Valorant Masters Santiago 2026,Swiss Stage,Round 3,NRG vs Team Liquid,Team Liquid,ban,Haven
Valorant Masters Santiago 2026,Swiss Stage,Round 3,NRG vs Team Liquid,Mega Minors,ban,Bind
Valorant Masters Santiago 2026,Swiss Stage,Round 3,NRG vs Team Liquid,Team Liquid,pick,Breeze
Valorant Masters Santiago 2026,Swiss Stage,Round 3,NRG vs Team Liquid,Mega Minors,pick,Abyss
Valorant Masters Santiago 2026,Swiss Stage,Round 3,NRG vs Team Liquid,Team Liquid,ban,Corrode
Valorant Masters Santiago 2026,Swiss Stage,Round 3,NRG vs Team Liquid,Mega Minors,ban,Split
Valorant Masters Santiago 2026,Swiss Stage,Round 3,G2 Esports vs T1,T1,ban,Corrode
Valorant Masters Santiago 2026,Swiss Stage,Round 3,G2 Esports vs T1,G2 Esports,ban,Bind
Valorant Masters Santiago 2026,Swiss Stage,Round 3,G2 Esports vs T1,T1,pick,Breeze
Valorant Masters Santiago 2026,Swiss Stage,Round 3,G2 Esports vs T1,G2 Esports,pick,Haven
Valorant Masters Santiago 2026,Swiss Stage,Round 3,G2 Esports vs T1,T1,ban,Abyss
Valorant Masters Santiago 2026,Swiss Stage,Round 3,G2 Esports vs T1,G2 Esports,ban,Pearl
Valorant Masters Santiago 2026,Playoffs,Upper Quarterfinals,FURIA vs Paper Rex,Paper Rex,ban,Abyss
Valorant Masters Santiago 2026,Playoffs,Upper Quarterfinals,FURIA vs Paper Rex,FURIA,ban,Bind
Valorant Masters Santiago 2026,Playoffs,Upper Quarterfinals,FURIA vs Paper Rex,Paper Rex,pick,Haven
Valorant Masters Santiago 2026,Playoffs,Upper Quarterfinals,FURIA vs Paper Rex,FURIA,pick,Breeze
Valorant Masters Santiago 2026,Playoffs,Upper Quarterfinals,FURIA vs Paper Rex,Paper Rex,ban,Corrode
Valorant Masters Santiago 2026,Playoffs,Upper Quarterfinals,FURIA vs Paper Rex,FURIA,ban,Pearl
Valorant Masters Santiago 2026,Playoffs,Upper Quarterfinals,Nongshim RedForce vs Gentle Mates,Gentle Mates,ban,Breeze
Valorant Masters Santiago 2026,Playoffs,Upper Quarterfinals,Nongshim RedForce vs Gentle Mates,Nongshim RedForce,ban,Pearl
Valorant Masters Santiago 2026,Playoffs,Upper Quarterfinals,Nongshim RedForce vs Gentle Mates,Gentle Mates,pick,Haven
Valorant Masters Santiago 2026,Playoffs,Upper Quarterfinals,Nongshim RedForce vs Gentle Mates,Nongshim RedForce,pick,Corrode
Valorant Masters Santiago 2026,Playoffs,Upper Quarterfinals,Nongshim RedForce vs Gentle Mates,Gentle Mates,ban,Split
Valorant Masters Santiago 2026,Playoffs,Upper Quarterfinals,Nongshim RedForce vs Gentle Mates,Nongshim RedForce,ban,Abyss
Valorant Masters Santiago 2026,Playoffs,Upper Quarterfinals,BBL Esports vs NRG,BBL Esports,ban,Bind
Valorant Masters Santiago 2026,Playoffs,Upper Quarterfinals,BBL Esports vs NRG,Mega Minors,ban,Haven
Valorant Masters Santiago 2026,Playoffs,Upper Quarterfinals,BBL Esports vs NRG,BBL Esports,pick,Pearl
Valorant Masters Santiago 2026,Playoffs,Upper Quarterfinals,BBL Esports vs NRG,Mega Minors,pick,Abyss
Valorant Masters Santiago 2026,Playoffs,Upper Quarterfinals,BBL Esports vs NRG,BBL Esports,ban,Corrode
Valorant Masters Santiago 2026,Playoffs,Upper Quarterfinals,BBL Esports vs NRG,Mega Minors,ban,Breeze
Valorant Masters Santiago 2026,Playoffs,Upper Quarterfinals,All Gamers vs G2 Esports,All Gamers,ban,Haven
Valorant Masters Santiago 2026,Playoffs,Upper Quarterfinals,All Gamers vs G2 Esports,G2 Esports,ban,Pearl
Valorant Masters Santiago 2026,Playoffs,Upper Quarterfinals,All Gamers vs G2 Esports,All Gamers,pick,Split
Valorant Masters Santiago 2026,Playoffs,Upper Quarterfinals,All Gamers vs G2 Esports,G2 Esports,pick,Abyss
Valorant Masters Santiago 2026,Playoffs,Upper Quarterfinals,All Gamers vs G2 Esports,All Gamers,ban,Breeze
Valorant Masters Santiago 2026,Playoffs,Upper Quarterfinals,All Gamers vs G2 Esports,G2 Esports,ban,Corrode
Valorant Masters Santiago 2026,Playoffs,Lower Round 1,FURIA vs BBL Esports,FURIA,ban,Pearl
Valorant Masters Santiago 2026,Playoffs,Lower Round 1,FURIA vs BBL Esports,BBL Esports,ban,Bind
Valorant Masters Santiago 2026,Playoffs,Lower Round 1,FURIA vs BBL Esports,FURIA,pick,Haven
Valorant Masters Santiago 2026,Playoffs,Lower Round 1,FURIA vs BBL Esports,BBL Esports,pick,Breeze
Valorant Masters Santiago 2026,Playoffs,Lower Round 1,FURIA vs BBL Esports,FURIA,ban,Corrode
Valorant Masters Santiago 2026,Playoffs,Lower Round 1,FURIA vs BBL Esports,BBL Esports,ban,Split
Valorant Masters Santiago 2026,Playoffs,Lower Round 1,Gentle Mates vs All Gamers,Gentle Mates,ban,Breeze
Valorant Masters Santiago 2026,Playoffs,Lower Round 1,Gentle Mates vs All Gamers,All Gamers,ban,Haven
Valorant Masters Santiago 2026,Playoffs,Lower Round 1,Gentle Mates vs All Gamers,Gentle Mates,pick,Pearl
Valorant Masters Santiago 2026,Playoffs,Lower Round 1,Gentle Mates vs All Gamers,All Gamers,pick,Split
Valorant Masters Santiago 2026,Playoffs,Lower Round 1,Gentle Mates vs All Gamers,Gentle Mates,ban,Corrode
Valorant Masters Santiago 2026,Playoffs,Lower Round 1,Gentle Mates vs All Gamers,All Gamers,ban,Abyss
Valorant Masters Santiago 2026,Playoffs,Upper Semifinals,Nongshim RedForce vs G2 Esports,G2 Esports,ban,Bind
Valorant Masters Santiago 2026,Playoffs,Upper Semifinals,Nongshim RedForce vs G2 Esports,Nongshim RedForce,ban,Pearl
Valorant Masters Santiago 2026,Playoffs,Upper Semifinals,Nongshim RedForce vs G2 Esports,G2 Esports,pick,Abyss
Valorant Masters Santiago 2026,Playoffs,Upper Semifinals,Nongshim RedForce vs G2 Esports,Nongshim RedForce,pick,Corrode
Valorant Masters Santiago 2026,Playoffs,Upper Semifinals,Nongshim RedForce vs G2 Esports,G2 Esports,ban,Breeze
Valorant Masters Santiago 2026,Playoffs,Upper Semifinals,Nongshim RedForce vs G2 Esports,Nongshim RedForce,ban,Haven
Valorant Masters Santiago 2026,Playoffs,Upper Semifinals,Paper Rex vs NRG,Mega Minors,ban,Haven
Valorant Masters Santiago 2026,Playoffs,Upper Semifinals,Paper Rex vs NRG,Paper Rex,ban,Abyss
Valorant Masters Santiago 2026,Playoffs,Upper Semifinals,Paper Rex vs NRG,Mega Minors,pick,Pearl
Valorant Masters Santiago 2026,Playoffs,Upper Semifinals,Paper Rex vs NRG,Paper Rex,pick,Bind
Valorant Masters Santiago 2026,Playoffs,Upper Semifinals,Paper Rex vs NRG,Mega Minors,ban,Breeze
Valorant Masters Santiago 2026,Playoffs,Upper Semifinals,Paper Rex vs NRG,Paper Rex,ban,Corrode
Valorant Masters Santiago 2026,Playoffs,Lower Round 2,G2 Esports vs BBL Esports,BBL Esports,ban,Bind
Valorant Masters Santiago 2026,Playoffs,Lower Round 2,G2 Esports vs BBL Esports,G2 Esports,ban,Pearl
Valorant Masters Santiago 2026,Playoffs,Lower Round 2,G2 Esports vs BBL Esports,BBL Esports,pick,Haven
Valorant Masters Santiago 2026,Playoffs,Lower Round 2,G2 Esports vs BBL Esports,G2 Esports,pick,Breeze
Valorant Masters Santiago 2026,Playoffs,Lower Round 2,G2 Esports vs BBL Esports,BBL Esports,ban,Corrode
Valorant Masters Santiago 2026,Playoffs,Lower Round 2,G2 Esports vs BBL Esports,G2 Esports,ban,Split
Valorant Masters Santiago 2026,Playoffs,Lower Round 2,Paper Rex vs All Gamers,All Gamers,ban,Haven
Valorant Masters Santiago 2026,Playoffs,Lower Round 2,Paper Rex vs All Gamers,Paper Rex,ban,Abyss
Valorant Masters Santiago 2026,Playoffs,Lower Round 2,Paper Rex vs All Gamers,All Gamers,pick,Corrode
Valorant Masters Santiago 2026,Playoffs,Lower Round 2,Paper Rex vs All Gamers,Paper Rex,pick,Pearl
Valorant Masters Santiago 2026,Playoffs,Lower Round 2,Paper Rex vs All Gamers,All Gamers,ban,Breeze
Valorant Masters Santiago 2026,Playoffs,Lower Round 2,Paper Rex vs All Gamers,Paper Rex,ban,Bind
Valorant Masters Santiago 2026,Playoffs,Upper Final,Nongshim RedForce vs NRG,Nongshim RedForce,ban,Pearl
Valorant Masters Santiago 2026,Playoffs,Upper Final,Nongshim RedForce vs NRG,Mega Minors,ban,Corrode
Valorant Masters Santiago 2026,Playoffs,Upper Final,Nongshim RedForce vs NRG,Nongshim RedForce,pick,Bind
Valorant Masters Santiago 2026,Playoffs,Upper Final,Nongshim RedForce vs NRG,Mega Minors,pick,Abyss
Valorant Masters Santiago 2026,Playoffs,Upper Final,Nongshim RedForce vs NRG,Nongshim RedForce,ban,Breeze
Valorant Masters Santiago 2026,Playoffs,Upper Final,Nongshim RedForce vs NRG,Mega Minors,ban,Split
Valorant Masters Santiago 2026,Playoffs,Lower Round 3,Paper Rex vs G2 Esports,Paper Rex,ban,Abyss
Valorant Masters Santiago 2026,Playoffs,Lower Round 3,Paper Rex vs G2 Esports,G2 Esports,ban,Split
Valorant Masters Santiago 2026,Playoffs,Lower Round 3,Paper Rex vs G2 Esports,Paper Rex,pick,Haven
Valorant Masters Santiago 2026,Playoffs,Lower Round 3,Paper Rex vs G2 Esports,G2 Esports,pick,Breeze
Valorant Masters Santiago 2026,Playoffs,Lower Round 3,Paper Rex vs G2 Esports,Paper Rex,ban,Pearl
Valorant Masters Santiago 2026,Playoffs,Lower Round 3,Paper Rex vs G2 Esports,G2 Esports,ban,Bind
Valorant Masters Santiago 2026,Playoffs,Lower Final,NRG vs Paper Rex,Mega Minors,ban,Bind
Valorant Masters Santiago 2026,Playoffs,Lower Final,NRG vs Paper Rex,Paper Rex,ban,Abyss
Valorant Masters Santiago 2026,Playoffs,Lower Final,NRG vs Paper Rex,Mega Minors,pick,Pearl
Valorant Masters Santiago 2026,Playoffs,Lower Final,NRG vs Paper Rex,Paper Rex,pick,Split
Valorant Masters Santiago 2026,Playoffs,Lower Final,NRG vs Paper Rex,Mega Minors,pick,Corrode
Valorant Masters Santiago 2026,Playoffs,Lower Final,NRG vs Paper Rex,Paper Rex,pick,Breeze
Valorant Masters Santiago 2026,Playoffs,Grand Final,Nongshim RedForce vs Paper Rex,Nongshim RedForce,ban,Pearl
Valorant Masters Santiago 2026,Playoffs,Grand Final,Nongshim RedForce vs Paper Rex,Nongshim RedForce,ban,Breeze
Valorant Masters Santiago 2026,Playoffs,Grand Final,Nongshim RedForce vs Paper Rex,Nongshim RedForce,pick,Corrode
Valorant Masters Santiago 2026,Playoffs,Grand Final,Nongshim RedForce vs Paper Rex,Paper Rex,pick,Split
Valorant Masters Santiago 2026,Playoffs,Grand Final,Nongshim RedForce vs Paper Rex,Nongshim RedForce,pick,Abyss
Valorant Masters Santiago 2026,Playoffs,Grand Final,Nongshim RedForce vs Paper Rex,Paper Rex,pick,Haven
VCT 2026: Americas Kickoff,Main Event,Upper Round 1,ENVY vs Evil Geniuses,ENVY,ban,Haven
VCT 2026: Americas Kickoff,Main Event,Upper Round 1,ENVY vs Evil Geniuses,Evil Geniuses,ban,Breeze
VCT 2026: Americas Kickoff,Main Event,Upper Round 1,ENVY vs Evil Geniuses,ENVY,pick,Abyss
VCT 2026: Americas Kickoff,Main Event,Upper Round 1,ENVY vs Evil Geniuses,Evil Geniuses,pick,Corrode
VCT 2026: Americas Kickoff,Main Event,Upper Round 1,ENVY vs Evil Geniuses,ENVY,ban,Pearl
VCT 2026: Americas Kickoff,Main Event,Upper Round 1,ENVY vs Evil Geniuses,Evil Geniuses,ban,Split
VCT 2026: Americas Kickoff,Main Event,Upper Round 1,LOUD vs Cloud9,Cloud9,ban,Breeze
VCT 2026: Americas Kickoff,Main Event,Upper Round 1,LOUD vs Cloud9,LOUD,ban,Split
VCT 2026: Americas Kickoff,Main Event,Upper Round 1,LOUD vs Cloud9,Cloud9,pick,Haven
VCT 2026: Americas Kickoff,Main Event,Upper Round 1,LOUD vs Cloud9,LOUD,pick,Abyss
VCT 2026: Americas Kickoff,Main Event,Upper Round 1,LOUD vs Cloud9,Cloud9,ban,Corrode
VCT 2026: Americas Kickoff,Main Event,Upper Round 1,LOUD vs Cloud9,LOUD,ban,Pearl
VCT 2026: Americas Kickoff,Main Event,Upper Round 1,KRÜ Esports vs FURIA,KRÜ Esports,ban,Haven
VCT 2026: Americas Kickoff,Main Event,Upper Round 1,KRÜ Esports vs FURIA,FURIA,ban,Split
VCT 2026: Americas Kickoff,Main Event,Upper Round 1,KRÜ Esports vs FURIA,KRÜ Esports,pick,Pearl
VCT 2026: Americas Kickoff,Main Event,Upper Round 1,KRÜ Esports vs FURIA,FURIA,pick,Breeze
VCT 2026: Americas Kickoff,Main Event,Upper Round 1,KRÜ Esports vs FURIA,KRÜ Esports,ban,Bind
VCT 2026: Americas Kickoff,Main Event,Upper Round 1,KRÜ Esports vs FURIA,FURIA,ban,Corrode
VCT 2026: Americas Kickoff,Main Event,Upper Round 1,100 Thieves vs LEVIATÁN,LEVIATÁN,ban,Abyss
VCT 2026: Americas Kickoff,Main Event,Upper Round 1,100 Thieves vs LEVIATÁN,100 Thieves,ban,Corrode
VCT 2026: Americas Kickoff,Main Event,Upper Round 1,100 Thieves vs LEVIATÁN,LEVIATÁN,pick,Bind
VCT 2026: Americas Kickoff,Main Event,Upper Round 1,100 Thieves vs LEVIATÁN,100 Thieves,pick,Pearl
VCT 2026: Americas Kickoff,Main Event,Upper Round 1,100 Thieves vs LEVIATÁN,LEVIATÁN,ban,Breeze
VCT 2026: Americas Kickoff,Main Event,Upper Round 1,100 Thieves vs LEVIATÁN,100 Thieves,ban,Haven
VCT 2026: Americas Kickoff,Main Event,Upper Round 2,NRG vs Cloud9,Cloud9,ban,Corrode
VCT 2026: Americas Kickoff,Main Event,Upper Round 2,NRG vs Cloud9,Mega Minors,ban,Haven
VCT 2026: Americas Kickoff,Main Event,Upper Round 2,NRG vs Cloud9,Cloud9,pick,Pearl
VCT 2026: Americas Kickoff,Main Event,Upper Round 2,NRG vs Cloud9,Mega Minors,pick,Breeze
VCT 2026: Americas Kickoff,Main Event,Upper Round 2,NRG vs Cloud9,Cloud9,ban,Abyss
VCT 2026: Americas Kickoff,Main Event,Upper Round 2,NRG vs Cloud9,Mega Minors,ban,Split
VCT 2026: Americas Kickoff,Main Event,Upper Round 2,MIBR vs ENVY,ENVY,ban,Haven
VCT 2026: Americas Kickoff,Main Event,Upper Round 2,MIBR vs ENVY,MIBR,ban,Split
VCT 2026: Americas Kickoff,Main Event,Upper Round 2,MIBR vs ENVY,ENVY,pick,Abyss
VCT 2026: Americas Kickoff,Main Event,Upper Round 2,MIBR vs ENVY,MIBR,pick,Corrode
VCT 2026: Americas Kickoff,Main Event,Upper Round 2,MIBR vs ENVY,ENVY,ban,Breeze
VCT 2026: Americas Kickoff,Main Event,Upper Round 2,MIBR vs ENVY,MIBR,ban,Pearl
VCT 2026: Americas Kickoff,Main Event,Upper Round 2,Sentinels vs FURIA,Sentinels,ban,Haven
VCT 2026: Americas Kickoff,Main Event,Upper Round 2,Sentinels vs FURIA,FURIA,ban,Pearl
VCT 2026: Americas Kickoff,Main Event,Upper Round 2,Sentinels vs FURIA,Sentinels,pick,Split
VCT 2026: Americas Kickoff,Main Event,Upper Round 2,Sentinels vs FURIA,FURIA,pick,Breeze
VCT 2026: Americas Kickoff,Main Event,Upper Round 2,Sentinels vs FURIA,Sentinels,ban,Bind
VCT 2026: Americas Kickoff,Main Event,Upper Round 2,Sentinels vs FURIA,FURIA,ban,Corrode
VCT 2026: Americas Kickoff,Main Event,Upper Round 2,G2 Esports vs 100 Thieves,100 Thieves,ban,Abyss
VCT 2026: Americas Kickoff,Main Event,Upper Round 2,G2 Esports vs 100 Thieves,G2 Esports,ban,Breeze
VCT 2026: Americas Kickoff,Main Event,Upper Round 2,G2 Esports vs 100 Thieves,100 Thieves,pick,Bind
VCT 2026: Americas Kickoff,Main Event,Upper Round 2,G2 Esports vs 100 Thieves,G2 Esports,pick,Corrode
VCT 2026: Americas Kickoff,Main Event,Upper Round 2,G2 Esports vs 100 Thieves,100 Thieves,ban,Haven
VCT 2026: Americas Kickoff,Main Event,Upper Round 2,G2 Esports vs 100 Thieves,G2 Esports,ban,Pearl
VCT 2026: Americas Kickoff,Main Event,Middle Round 1,LOUD vs 100 Thieves,LOUD,ban,Split
VCT 2026: Americas Kickoff,Main Event,Middle Round 1,LOUD vs 100 Thieves,100 Thieves,ban,Abyss
VCT 2026: Americas Kickoff,Main Event,Middle Round 1,LOUD vs 100 Thieves,LOUD,pick,Breeze
VCT 2026: Americas Kickoff,Main Event,Middle Round 1,LOUD vs 100 Thieves,100 Thieves,pick,Pearl
VCT 2026: Americas Kickoff,Main Event,Middle Round 1,LOUD vs 100 Thieves,LOUD,ban,Corrode
VCT 2026: Americas Kickoff,Main Event,Middle Round 1,LOUD vs 100 Thieves,100 Thieves,ban,Haven
VCT 2026: Americas Kickoff,Main Event,Middle Round 1,Evil Geniuses vs Sentinels,Evil Geniuses,ban,Breeze
VCT 2026: Americas Kickoff,Main Event,Middle Round 1,Evil Geniuses vs Sentinels,Sentinels,ban,Haven
VCT 2026: Americas Kickoff,Main Event,Middle Round 1,Evil Geniuses vs Sentinels,Evil Geniuses,pick,Abyss
VCT 2026: Americas Kickoff,Main Event,Middle Round 1,Evil Geniuses vs Sentinels,Sentinels,pick,Pearl
VCT 2026: Americas Kickoff,Main Event,Middle Round 1,Evil Geniuses vs Sentinels,Evil Geniuses,ban,Split
VCT 2026: Americas Kickoff,Main Event,Middle Round 1,Evil Geniuses vs Sentinels,Sentinels,ban,Bind
VCT 2026: Americas Kickoff,Main Event,Middle Round 1,KRÜ Esports vs ENVY,ENVY,ban,Haven
VCT 2026: Americas Kickoff,Main Event,Middle Round 1,KRÜ Esports vs ENVY,KRÜ Esports,ban,Corrode
VCT 2026: Americas Kickoff,Main Event,Middle Round 1,KRÜ Esports vs ENVY,ENVY,pick,Abyss
VCT 2026: Americas Kickoff,Main Event,Middle Round 1,KRÜ Esports vs ENVY,KRÜ Esports,pick,Pearl
VCT 2026: Americas Kickoff,Main Event,Middle Round 1,KRÜ Esports vs ENVY,ENVY,ban,Split
VCT 2026: Americas Kickoff,Main Event,Middle Round 1,KRÜ Esports vs ENVY,KRÜ Esports,ban,Bind
VCT 2026: Americas Kickoff,Main Event,Middle Round 1,LEVIATÁN vs Cloud9,LEVIATÁN,ban,Abyss
VCT 2026: Americas Kickoff,Main Event,Middle Round 1,LEVIATÁN vs Cloud9,Cloud9,ban,Corrode
VCT 2026: Americas Kickoff,Main Event,Middle Round 1,LEVIATÁN vs Cloud9,LEVIATÁN,pick,Pearl
VCT 2026: Americas Kickoff,Main Event,Middle Round 1,LEVIATÁN vs Cloud9,Cloud9,pick,Split
VCT 2026: Americas Kickoff,Main Event,Middle Round 1,LEVIATÁN vs Cloud9,LEVIATÁN,ban,Breeze
VCT 2026: Americas Kickoff,Main Event,Middle Round 1,LEVIATÁN vs Cloud9,Cloud9,ban,Bind
VCT 2026: Americas Kickoff,Main Event,Middle Round 2,100 Thieves vs Sentinels,100 Thieves,ban,Abyss
VCT 2026: Americas Kickoff,Main Event,Middle Round 2,100 Thieves vs Sentinels,Sentinels,ban,Haven
VCT 2026: Americas Kickoff,Main Event,Middle Round 2,100 Thieves vs Sentinels,100 Thieves,pick,Corrode
VCT 2026: Americas Kickoff,Main Event,Middle Round 2,100 Thieves vs Sentinels,Sentinels,pick,Split
VCT 2026: Americas Kickoff,Main Event,Middle Round 2,100 Thieves vs Sentinels,100 Thieves,ban,Breeze
VCT 2026: Americas Kickoff,Main Event,Middle Round 2,100 Thieves vs Sentinels,Sentinels,ban,Bind
VCT 2026: Americas Kickoff,Main Event,Middle Round 2,ENVY vs Cloud9,Cloud9,ban,Corrode
VCT 2026: Americas Kickoff,Main Event,Middle Round 2,ENVY vs Cloud9,ENVY,ban,Haven
VCT 2026: Americas Kickoff,Main Event,Middle Round 2,ENVY vs Cloud9,Cloud9,pick,Pearl
VCT 2026: Americas Kickoff,Main Event,Middle Round 2,ENVY vs Cloud9,ENVY,pick,Breeze
VCT 2026: Americas Kickoff,Main Event,Middle Round 2,ENVY vs Cloud9,Cloud9,ban,Bind
VCT 2026: Americas Kickoff,Main Event,Middle Round 2,ENVY vs Cloud9,ENVY,ban,Abyss
VCT 2026: Americas Kickoff,Main Event,Upper Round 3,NRG vs MIBR,MIBR,ban,Pearl
VCT 2026: Americas Kickoff,Main Event,Upper Round 3,NRG vs MIBR,Mega Minors,ban,Haven
VCT 2026: Americas Kickoff,Main Event,Upper Round 3,NRG vs MIBR,MIBR,pick,Abyss
VCT 2026: Americas Kickoff,Main Event,Upper Round 3,NRG vs MIBR,Mega Minors,pick,Split
VCT 2026: Americas Kickoff,Main Event,Upper Round 3,NRG vs MIBR,MIBR,ban,Corrode
VCT 2026: Americas Kickoff,Main Event,Upper Round 3,NRG vs MIBR,Mega Minors,ban,Bind
VCT 2026: Americas Kickoff,Main Event,Upper Round 3,FURIA vs G2 Esports,FURIA,ban,Pearl
VCT 2026: Americas Kickoff,Main Event,Upper Round 3,FURIA vs G2 Esports,G2 Esports,ban,Breeze
VCT 2026: Americas Kickoff,Main Event,Upper Round 3,FURIA vs G2 Esports,FURIA,pick,Abyss
VCT 2026: Americas Kickoff,Main Event,Upper Round 3,FURIA vs G2 Esports,G2 Esports,pick,Bind
VCT 2026: Americas Kickoff,Main Event,Upper Round 3,FURIA vs G2 Esports,FURIA,ban,Haven
VCT 2026: Americas Kickoff,Main Event,Upper Round 3,FURIA vs G2 Esports,G2 Esports,ban,Corrode
VCT 2026: Americas Kickoff,Main Event,Lower Round 1,LOUD vs Evil Geniuses,Evil Geniuses,ban,Breeze
VCT 2026: Americas Kickoff,Main Event,Lower Round 1,LOUD vs Evil Geniuses,LOUD,ban,Split
VCT 2026: Americas Kickoff,Main Event,Lower Round 1,LOUD vs Evil Geniuses,Evil Geniuses,pick,Haven
VCT 2026: Americas Kickoff,Main Event,Lower Round 1,LOUD vs Evil Geniuses,LOUD,pick,Abyss
VCT 2026: Americas Kickoff,Main Event,Lower Round 1,LOUD vs Evil Geniuses,Evil Geniuses,ban,Bind
VCT 2026: Americas Kickoff,Main Event,Lower Round 1,LOUD vs Evil Geniuses,LOUD,ban,Pearl
VCT 2026: Americas Kickoff,Main Event,Lower Round 1,KRÜ Esports vs LEVIATÁN,LEVIATÁN,ban,Breeze
VCT 2026: Americas Kickoff,Main Event,Lower Round 1,KRÜ Esports vs LEVIATÁN,KRÜ Esports,ban,Corrode
VCT 2026: Americas Kickoff,Main Event,Lower Round 1,KRÜ Esports vs LEVIATÁN,LEVIATÁN,pick,Bind
VCT 2026: Americas Kickoff,Main Event,Lower Round 1,KRÜ Esports vs LEVIATÁN,KRÜ Esports,pick,Split
VCT 2026: Americas Kickoff,Main Event,Lower Round 1,KRÜ Esports vs LEVIATÁN,LEVIATÁN,ban,Pearl
VCT 2026: Americas Kickoff,Main Event,Lower Round 1,KRÜ Esports vs LEVIATÁN,KRÜ Esports,ban,Haven
VCT 2026: Americas Kickoff,Main Event,Middle Round 3,NRG vs 100 Thieves,100 Thieves,ban,Abyss
VCT 2026: Americas Kickoff,Main Event,Middle Round 3,NRG vs 100 Thieves,Mega Minors,ban,Bind
VCT 2026: Americas Kickoff,Main Event,Middle Round 3,NRG vs 100 Thieves,100 Thieves,pick,Haven
VCT 2026: Americas Kickoff,Main Event,Middle Round 3,NRG vs 100 Thieves,Mega Minors,pick,Corrode
VCT 2026: Americas Kickoff,Main Event,Middle Round 3,NRG vs 100 Thieves,100 Thieves,ban,Pearl
VCT 2026: Americas Kickoff,Main Event,Middle Round 3,NRG vs 100 Thieves,Mega Minors,ban,Breeze
VCT 2026: Americas Kickoff,Main Event,Middle Round 3,G2 Esports vs Cloud9,Cloud9,ban,Pearl
VCT 2026: Americas Kickoff,Main Event,Middle Round 3,G2 Esports vs Cloud9,G2 Esports,ban,Abyss
VCT 2026: Americas Kickoff,Main Event,Middle Round 3,G2 Esports vs Cloud9,Cloud9,pick,Corrode
VCT 2026: Americas Kickoff,Main Event,Middle Round 3,G2 Esports vs Cloud9,G2 Esports,pick,Bind
VCT 2026: Americas Kickoff,Main Event,Middle Round 3,G2 Esports vs Cloud9,Cloud9,ban,Haven
VCT 2026: Americas Kickoff,Main Event,Middle Round 3,G2 Esports vs Cloud9,G2 Esports,ban,Breeze
VCT 2026: Americas Kickoff,Main Event,Lower Round 2,ENVY vs Evil Geniuses,Evil Geniuses,ban,Breeze
VCT 2026: Americas Kickoff,Main Event,Lower Round 2,ENVY vs Evil Geniuses,ENVY,ban,Haven
VCT 2026: Americas Kickoff,Main Event,Lower Round 2,ENVY vs Evil Geniuses,Evil Geniuses,pick,Pearl
VCT 2026: Americas Kickoff,Main Event,Lower Round 2,ENVY vs Evil Geniuses,ENVY,pick,Corrode
VCT 2026: Americas Kickoff,Main Event,Lower Round 2,ENVY vs Evil Geniuses,Evil Geniuses,ban,Abyss
VCT 2026: Americas Kickoff,Main Event,Lower Round 2,ENVY vs Evil Geniuses,ENVY,ban,Split
VCT 2026: Americas Kickoff,Main Event,Lower Round 2,Sentinels vs LEVIATÁN,Sentinels,ban,Haven
VCT 2026: Americas Kickoff,Main Event,Lower Round 2,Sentinels vs LEVIATÁN,LEVIATÁN,ban,Split
VCT 2026: Americas Kickoff,Main Event,Lower Round 2,Sentinels vs LEVIATÁN,Sentinels,pick,Corrode
VCT 2026: Americas Kickoff,Main Event,Lower Round 2,Sentinels vs LEVIATÁN,LEVIATÁN,pick,Bind
VCT 2026: Americas Kickoff,Main Event,Lower Round 2,Sentinels vs LEVIATÁN,Sentinels,ban,Split
VCT 2026: Americas Kickoff,Main Event,Lower Round 2,Sentinels vs LEVIATÁN,LEVIATÁN,ban,Breeze
VCT 2026: Americas Kickoff,Main Event,Lower Round 3,100 Thieves vs Evil Geniuses,Evil Geniuses,ban,Breeze
VCT 2026: Americas Kickoff,Main Event,Lower Round 3,100 Thieves vs Evil Geniuses,100 Thieves,ban,Abyss
VCT 2026: Americas Kickoff,Main Event,Lower Round 3,100 Thieves vs Evil Geniuses,Evil Geniuses,pick,Haven
VCT 2026: Americas Kickoff,Main Event,Lower Round 3,100 Thieves vs Evil Geniuses,100 Thieves,pick,Bind
VCT 2026: Americas Kickoff,Main Event,Lower Round 3,100 Thieves vs Evil Geniuses,Evil Geniuses,ban,Pearl
VCT 2026: Americas Kickoff,Main Event,Lower Round 3,100 Thieves vs Evil Geniuses,100 Thieves,ban,Corrode
VCT 2026: Americas Kickoff,Main Event,Lower Round 3,Cloud9 vs LEVIATÁN,LEVIATÁN,ban,Pearl
VCT 2026: Americas Kickoff,Main Event,Lower Round 3,Cloud9 vs LEVIATÁN,Cloud9,ban,Corrode
VCT 2026: Americas Kickoff,Main Event,Lower Round 3,Cloud9 vs LEVIATÁN,LEVIATÁN,pick,Bind
VCT 2026: Americas Kickoff,Main Event,Lower Round 3,Cloud9 vs LEVIATÁN,Cloud9,pick,Breeze
VCT 2026: Americas Kickoff,Main Event,Lower Round 3,Cloud9 vs LEVIATÁN,LEVIATÁN,ban,Split
VCT 2026: Americas Kickoff,Main Event,Lower Round 3,Cloud9 vs LEVIATÁN,Cloud9,ban,Haven
VCT 2026: Americas Kickoff,Main Event,Middle Round 4,NRG vs G2 Esports,Mega Minors,ban,Bind
VCT 2026: Americas Kickoff,Main Event,Middle Round 4,NRG vs G2 Esports,G2 Esports,ban,Abyss
VCT 2026: Americas Kickoff,Main Event,Middle Round 4,NRG vs G2 Esports,Mega Minors,pick,Pearl
VCT 2026: Americas Kickoff,Main Event,Middle Round 4,NRG vs G2 Esports,G2 Esports,pick,Split
VCT 2026: Americas Kickoff,Main Event,Middle Round 4,NRG vs G2 Esports,Mega Minors,ban,Breeze
VCT 2026: Americas Kickoff,Main Event,Middle Round 4,NRG vs G2 Esports,G2 Esports,ban,Corrode
VCT 2026: Americas Kickoff,Main Event,Lower Round 4,100 Thieves vs Cloud9,Cloud9,ban,Bind
VCT 2026: Americas Kickoff,Main Event,Lower Round 4,100 Thieves vs Cloud9,100 Thieves,ban,Haven
VCT 2026: Americas Kickoff,Main Event,Lower Round 4,100 Thieves vs Cloud9,Cloud9,pick,Pearl
VCT 2026: Americas Kickoff,Main Event,Lower Round 4,100 Thieves vs Cloud9,100 Thieves,pick,Split
VCT 2026: Americas Kickoff,Main Event,Lower Round 4,100 Thieves vs Cloud9,Cloud9,ban,Corrode
VCT 2026: Americas Kickoff,Main Event,Lower Round 4,100 Thieves vs Cloud9,100 Thieves,ban,Breeze
VCT 2026: Americas Kickoff,Main Event,Upper Final,MIBR vs FURIA,MIBR,ban,Pearl
VCT 2026: Americas Kickoff,Main Event,Upper Final,MIBR vs FURIA,FURIA,ban,Corrode
VCT 2026: Americas Kickoff,Main Event,Upper Final,MIBR vs FURIA,MIBR,pick,Bind
VCT 2026: Americas Kickoff,Main Event,Upper Final,MIBR vs FURIA,FURIA,pick,Abyss
VCT 2026: Americas Kickoff,Main Event,Upper Final,MIBR vs FURIA,MIBR,pick,Haven
VCT 2026: Americas Kickoff,Main Event,Upper Final,MIBR vs FURIA,FURIA,pick,Breeze
VCT 2026: Americas Kickoff,Main Event,Lower Round 5,NRG vs 100 Thieves,100 Thieves,ban,Haven
VCT 2026: Americas Kickoff,Main Event,Lower Round 5,NRG vs 100 Thieves,Mega Minors,ban,Bind
VCT 2026: Americas Kickoff,Main Event,Lower Round 5,NRG vs 100 Thieves,100 Thieves,pick,Pearl
VCT 2026: Americas Kickoff,Main Event,Lower Round 5,NRG vs 100 Thieves,Mega Minors,pick,Abyss
VCT 2026: Americas Kickoff,Main Event,Lower Round 5,NRG vs 100 Thieves,100 Thieves,ban,Corrode
VCT 2026: Americas Kickoff,Main Event,Lower Round 5,NRG vs 100 Thieves,Mega Minors,ban,Breeze
VCT 2026: Americas Kickoff,Main Event,Middle Final,MIBR vs G2 Esports,MIBR,ban,Pearl
VCT 2026: Americas Kickoff,Main Event,Middle Final,MIBR vs G2 Esports,G2 Esports,ban,Abyss
VCT 2026: Americas Kickoff,Main Event,Middle Final,MIBR vs G2 Esports,MIBR,pick,Breeze
VCT 2026: Americas Kickoff,Main Event,Middle Final,MIBR vs G2 Esports,G2 Esports,pick,Haven
VCT 2026: Americas Kickoff,Main Event,Middle Final,MIBR vs G2 Esports,MIBR,pick,Corrode
VCT 2026: Americas Kickoff,Main Event,Middle Final,MIBR vs G2 Esports,G2 Esports,pick,Split
VCT 2026: Americas Kickoff,Main Event,Lower Final,MIBR vs NRG,MIBR,ban,Pearl
VCT 2026: Americas Kickoff,Main Event,Lower Final,MIBR vs NRG,Mega Minors,ban,Breeze
VCT 2026: Americas Kickoff,Main Event,Lower Final,MIBR vs NRG,MIBR,pick,Bind
VCT 2026: Americas Kickoff,Main Event,Lower Final,MIBR vs NRG,Mega Minors,pick,Corrode
VCT 2026: Americas Kickoff,Main Event,Lower Final,MIBR vs NRG,MIBR,pick,Split
VCT 2026: Americas Kickoff,Main Event,Lower Final,MIBR vs NRG,Mega Minors,pick,Abyss
VCT 2026: EMEA Kickoff,Main Event,Upper Round 1,Natus Vincere vs Karmine Corp,Natus Vincere,ban,Corrode
VCT 2026: EMEA Kickoff,Main Event,Upper Round 1,Natus Vincere vs Karmine Corp,Karmine Corp,ban,Pearl
VCT 2026: EMEA Kickoff,Main Event,Upper Round 1,Natus Vincere vs Karmine Corp,Natus Vincere,pick,Split
VCT 2026: EMEA Kickoff,Main Event,Upper Round 1,Natus Vincere vs Karmine Corp,Karmine Corp,pick,Haven
VCT 2026: EMEA Kickoff,Main Event,Upper Round 1,Natus Vincere vs Karmine Corp,Natus Vincere,ban,Abyss
VCT 2026: EMEA Kickoff,Main Event,Upper Round 1,Natus Vincere vs Karmine Corp,Karmine Corp,ban,Breeze
VCT 2026: EMEA Kickoff,Main Event,Upper Round 1,FUT Esports vs Gentle Mates,FUT Esports,ban,Haven
VCT 2026: EMEA Kickoff,Main Event,Upper Round 1,FUT Esports vs Gentle Mates,Gentle Mates,ban,Breeze
VCT 2026: EMEA Kickoff,Main Event,Upper Round 1,FUT Esports vs Gentle Mates,FUT Esports,pick,Abyss
VCT 2026: EMEA Kickoff,Main Event,Upper Round 1,FUT Esports vs Gentle Mates,Gentle Mates,pick,Split
VCT 2026: EMEA Kickoff,Main Event,Upper Round 1,FUT Esports vs Gentle Mates,FUT Esports,ban,Pearl
VCT 2026: EMEA Kickoff,Main Event,Upper Round 1,FUT Esports vs Gentle Mates,Gentle Mates,ban,Bind
VCT 2026: EMEA Kickoff,Main Event,Upper Round 1,PCIFIC Esports vs BBL Esports,BBL Esports,ban,Corrode
VCT 2026: EMEA Kickoff,Main Event,Upper Round 1,PCIFIC Esports vs BBL Esports,PCIFIC Esports,ban,Haven
VCT 2026: EMEA Kickoff,Main Event,Upper Round 1,PCIFIC Esports vs BBL Esports,BBL Esports,pick,Breeze
VCT 2026: EMEA Kickoff,Main Event,Upper Round 1,PCIFIC Esports vs BBL Esports,PCIFIC Esports,pick,Abyss
VCT 2026: EMEA Kickoff,Main Event,Upper Round 1,PCIFIC Esports vs BBL Esports,BBL Esports,ban,Bind
VCT 2026: EMEA Kickoff,Main Event,Upper Round 1,PCIFIC Esports vs BBL Esports,PCIFIC Esports,ban,Split
VCT 2026: EMEA Kickoff,Main Event,Upper Round 1,ULF Esports vs Team Vitality,Team Vitality,ban,Split
VCT 2026: EMEA Kickoff,Main Event,Upper Round 1,ULF Esports vs Team Vitality,ULF Esports,ban,Bind
VCT 2026: EMEA Kickoff,Main Event,Upper Round 1,ULF Esports vs Team Vitality,Team Vitality,pick,Breeze
VCT 2026: EMEA Kickoff,Main Event,Upper Round 1,ULF Esports vs Team Vitality,ULF Esports,pick,Corrode
VCT 2026: EMEA Kickoff,Main Event,Upper Round 1,ULF Esports vs Team Vitality,Team Vitality,ban,Haven
VCT 2026: EMEA Kickoff,Main Event,Upper Round 1,ULF Esports vs Team Vitality,ULF Esports,ban,Pearl
VCT 2026: EMEA Kickoff,Main Event,Upper Round 2,Team Heretics vs Natus Vincere,Natus Vincere,ban,Corrode
VCT 2026: EMEA Kickoff,Main Event,Upper Round 2,Team Heretics vs Natus Vincere,Team Heretics,ban,Abyss
VCT 2026: EMEA Kickoff,Main Event,Upper Round 2,Team Heretics vs Natus Vincere,Natus Vincere,pick,Bind
VCT 2026: EMEA Kickoff,Main Event,Upper Round 2,Team Heretics vs Natus Vincere,Team Heretics,pick,Haven
VCT 2026: EMEA Kickoff,Main Event,Upper Round 2,Team Heretics vs Natus Vincere,Natus Vincere,ban,Breeze
VCT 2026: EMEA Kickoff,Main Event,Upper Round 2,Team Heretics vs Natus Vincere,Team Heretics,ban,Pearl
VCT 2026: EMEA Kickoff,Main Event,Upper Round 2,GIANTX vs Gentle Mates,Gentle Mates,ban,Breeze
VCT 2026: EMEA Kickoff,Main Event,Upper Round 2,GIANTX vs Gentle Mates,GIANTX,ban,Corrode
VCT 2026: EMEA Kickoff,Main Event,Upper Round 2,GIANTX vs Gentle Mates,Gentle Mates,pick,Pearl
VCT 2026: EMEA Kickoff,Main Event,Upper Round 2,GIANTX vs Gentle Mates,GIANTX,pick,Bind
VCT 2026: EMEA Kickoff,Main Event,Upper Round 2,GIANTX vs Gentle Mates,Gentle Mates,ban,Haven
VCT 2026: EMEA Kickoff,Main Event,Upper Round 2,GIANTX vs Gentle Mates,GIANTX,ban,Abyss
VCT 2026: EMEA Kickoff,Main Event,Upper Round 2,FNATIC vs BBL Esports,BBL Esports,ban,Bind
VCT 2026: EMEA Kickoff,Main Event,Upper Round 2,FNATIC vs BBL Esports,FNATIC,ban,Pearl
VCT 2026: EMEA Kickoff,Main Event,Upper Round 2,FNATIC vs BBL Esports,BBL Esports,pick,Breeze
VCT 2026: EMEA Kickoff,Main Event,Upper Round 2,FNATIC vs BBL Esports,FNATIC,pick,Haven
VCT 2026: EMEA Kickoff,Main Event,Upper Round 2,FNATIC vs BBL Esports,BBL Esports,ban,Corrode
VCT 2026: EMEA Kickoff,Main Event,Upper Round 2,FNATIC vs BBL Esports,FNATIC,ban,Split
VCT 2026: EMEA Kickoff,Main Event,Upper Round 2,Team Liquid vs Team Vitality,Team Vitality,ban,Split
VCT 2026: EMEA Kickoff,Main Event,Upper Round 2,Team Liquid vs Team Vitality,Team Liquid,ban,Haven
VCT 2026: EMEA Kickoff,Main Event,Upper Round 2,Team Liquid vs Team Vitality,Team Vitality,pick,Breeze
VCT 2026: EMEA Kickoff,Main Event,Upper Round 2,Team Liquid vs Team Vitality,Team Liquid,pick,Pearl
VCT 2026: EMEA Kickoff,Main Event,Upper Round 2,Team Liquid vs Team Vitality,Team Vitality,ban,Bind
VCT 2026: EMEA Kickoff,Main Event,Upper Round 2,Team Liquid vs Team Vitality,Team Liquid,ban,Abyss
VCT 2026: EMEA Kickoff,Main Event,Middle Round 1,Karmine Corp vs Team Liquid,Karmine Corp,ban,Pearl
VCT 2026: EMEA Kickoff,Main Event,Middle Round 1,Karmine Corp vs Team Liquid,Team Liquid,ban,Haven
VCT 2026: EMEA Kickoff,Main Event,Middle Round 1,Karmine Corp vs Team Liquid,Karmine Corp,pick,Abyss
VCT 2026: EMEA Kickoff,Main Event,Middle Round 1,Karmine Corp vs Team Liquid,Team Liquid,pick,Split
VCT 2026: EMEA Kickoff,Main Event,Middle Round 1,Karmine Corp vs Team Liquid,Karmine Corp,ban,Corrode
VCT 2026: EMEA Kickoff,Main Event,Middle Round 1,Karmine Corp vs Team Liquid,Team Liquid,ban,Bind
VCT 2026: EMEA Kickoff,Main Event,Middle Round 1,FUT Esports vs FNATIC,FUT Esports,ban,Bind
VCT 2026: EMEA Kickoff,Main Event,Middle Round 1,FUT Esports vs FNATIC,FNATIC,ban,Pearl
VCT 2026: EMEA Kickoff,Main Event,Middle Round 1,FUT Esports vs FNATIC,FUT Esports,pick,Abyss
VCT 2026: EMEA Kickoff,Main Event,Middle Round 1,FUT Esports vs FNATIC,FNATIC,pick,Corrode
VCT 2026: EMEA Kickoff,Main Event,Middle Round 1,FUT Esports vs FNATIC,FUT Esports,ban,Haven
VCT 2026: EMEA Kickoff,Main Event,Middle Round 1,FUT Esports vs FNATIC,FNATIC,ban,Breeze
VCT 2026: EMEA Kickoff,Main Event,Middle Round 1,PCIFIC Esports vs GIANTX,PCIFIC Esports,ban,Haven
VCT 2026: EMEA Kickoff,Main Event,Middle Round 1,PCIFIC Esports vs GIANTX,GIANTX,ban,Corrode
VCT 2026: EMEA Kickoff,Main Event,Middle Round 1,PCIFIC Esports vs GIANTX,PCIFIC Esports,pick,Abyss
VCT 2026: EMEA Kickoff,Main Event,Middle Round 1,PCIFIC Esports vs GIANTX,GIANTX,pick,Bind
VCT 2026: EMEA Kickoff,Main Event,Middle Round 1,PCIFIC Esports vs GIANTX,PCIFIC Esports,ban,Pearl
VCT 2026: EMEA Kickoff,Main Event,Middle Round 1,PCIFIC Esports vs GIANTX,GIANTX,ban,Breeze
VCT 2026: EMEA Kickoff,Main Event,Middle Round 1,ULF Esports vs Team Heretics,ULF Esports,ban,Corrode
VCT 2026: EMEA Kickoff,Main Event,Middle Round 1,ULF Esports vs Team Heretics,Team Heretics,ban,Pearl
VCT 2026: EMEA Kickoff,Main Event,Middle Round 1,ULF Esports vs Team Heretics,ULF Esports,pick,Haven
VCT 2026: EMEA Kickoff,Main Event,Middle Round 1,ULF Esports vs Team Heretics,Team Heretics,pick,Bind
VCT 2026: EMEA Kickoff,Main Event,Middle Round 1,ULF Esports vs Team Heretics,ULF Esports,ban,Abyss
VCT 2026: EMEA Kickoff,Main Event,Middle Round 1,ULF Esports vs Team Heretics,Team Heretics,ban,Split
VCT 2026: EMEA Kickoff,Main Event,Upper Round 3,Natus Vincere vs Gentle Mates,Gentle Mates,ban,Breeze
VCT 2026: EMEA Kickoff,Main Event,Upper Round 3,Natus Vincere vs Gentle Mates,Natus Vincere,ban,Corrode
VCT 2026: EMEA Kickoff,Main Event,Upper Round 3,Natus Vincere vs Gentle Mates,Gentle Mates,pick,Abyss
VCT 2026: EMEA Kickoff,Main Event,Upper Round 3,Natus Vincere vs Gentle Mates,Natus Vincere,pick,Bind
VCT 2026: EMEA Kickoff,Main Event,Upper Round 3,Natus Vincere vs Gentle Mates,Gentle Mates,ban,Haven
VCT 2026: EMEA Kickoff,Main Event,Upper Round 3,Natus Vincere vs Gentle Mates,Natus Vincere,ban,Pearl
VCT 2026: EMEA Kickoff,Main Event,Upper Round 3,BBL Esports vs Team Vitality,BBL Esports,ban,Bind
VCT 2026: EMEA Kickoff,Main Event,Upper Round 3,BBL Esports vs Team Vitality,Team Vitality,ban,Pearl
VCT 2026: EMEA Kickoff,Main Event,Upper Round 3,BBL Esports vs Team Vitality,BBL Esports,pick,Haven
VCT 2026: EMEA Kickoff,Main Event,Upper Round 3,BBL Esports vs Team Vitality,Team Vitality,pick,Abyss
VCT 2026: EMEA Kickoff,Main Event,Upper Round 3,BBL Esports vs Team Vitality,BBL Esports,ban,Corrode
VCT 2026: EMEA Kickoff,Main Event,Upper Round 3,BBL Esports vs Team Vitality,Team Vitality,ban,Split
VCT 2026: EMEA Kickoff,Main Event,Middle Round 2,Team Liquid vs FNATIC,FNATIC,ban,Pearl
VCT 2026: EMEA Kickoff,Main Event,Middle Round 2,Team Liquid vs FNATIC,Team Liquid,ban,Haven
VCT 2026: EMEA Kickoff,Main Event,Middle Round 2,Team Liquid vs FNATIC,FNATIC,pick,Corrode
VCT 2026: EMEA Kickoff,Main Event,Middle Round 2,Team Liquid vs FNATIC,Team Liquid,pick,Split
VCT 2026: EMEA Kickoff,Main Event,Middle Round 2,Team Liquid vs FNATIC,FNATIC,ban,Bind
VCT 2026: EMEA Kickoff,Main Event,Middle Round 2,Team Liquid vs FNATIC,Team Liquid,ban,Abyss
VCT 2026: EMEA Kickoff,Main Event,Middle Round 2,GIANTX vs Team Heretics,GIANTX,ban,Corrode
VCT 2026: EMEA Kickoff,Main Event,Middle Round 2,GIANTX vs Team Heretics,Team Heretics,ban,Pearl
VCT 2026: EMEA Kickoff,Main Event,Middle Round 2,GIANTX vs Team Heretics,GIANTX,pick,Abyss
VCT 2026: EMEA Kickoff,Main Event,Middle Round 2,GIANTX vs Team Heretics,Team Heretics,pick,Haven
VCT 2026: EMEA Kickoff,Main Event,Middle Round 2,GIANTX vs Team Heretics,GIANTX,ban,Split
VCT 2026: EMEA Kickoff,Main Event,Middle Round 2,GIANTX vs Team Heretics,Team Heretics,ban,Bind
VCT 2026: EMEA Kickoff,Main Event,Lower Round 1,Karmine Corp vs FUT Esports,Karmine Corp,ban,Corrode
VCT 2026: EMEA Kickoff,Main Event,Lower Round 1,Karmine Corp vs FUT Esports,FUT Esports,ban,Abyss
VCT 2026: EMEA Kickoff,Main Event,Lower Round 1,Karmine Corp vs FUT Esports,Karmine Corp,pick,Haven
VCT 2026: EMEA Kickoff,Main Event,Lower Round 1,Karmine Corp vs FUT Esports,FUT Esports,pick,Split
VCT 2026: EMEA Kickoff,Main Event,Lower Round 1,Karmine Corp vs FUT Esports,Karmine Corp,ban,Breeze
VCT 2026: EMEA Kickoff,Main Event,Lower Round 1,Karmine Corp vs FUT Esports,FUT Esports,ban,Bind
VCT 2026: EMEA Kickoff,Main Event,Lower Round 1,PCIFIC Esports vs ULF Esports,ULF Esports,ban,Corrode
VCT 2026: EMEA Kickoff,Main Event,Lower Round 1,PCIFIC Esports vs ULF Esports,PCIFIC Esports,ban,Haven
VCT 2026: EMEA Kickoff,Main Event,Lower Round 1,PCIFIC Esports vs ULF Esports,ULF Esports,pick,Split
VCT 2026: EMEA Kickoff,Main Event,Lower Round 1,PCIFIC Esports vs ULF Esports,PCIFIC Esports,pick,Abyss
VCT 2026: EMEA Kickoff,Main Event,Lower Round 1,PCIFIC Esports vs ULF Esports,ULF Esports,ban,Pearl
VCT 2026: EMEA Kickoff,Main Event,Lower Round 1,PCIFIC Esports vs ULF Esports,PCIFIC Esports,ban,Bind
VCT 2026: EMEA Kickoff,Main Event,Middle Round 3,Natus Vincere vs FNATIC,Natus Vincere,ban,Corrode
VCT 2026: EMEA Kickoff,Main Event,Middle Round 3,Natus Vincere vs FNATIC,FNATIC,ban,Pearl
VCT 2026: EMEA Kickoff,Main Event,Middle Round 3,Natus Vincere vs FNATIC,Natus Vincere,pick,Split
VCT 2026: EMEA Kickoff,Main Event,Middle Round 3,Natus Vincere vs FNATIC,FNATIC,pick,Breeze
VCT 2026: EMEA Kickoff,Main Event,Middle Round 3,Natus Vincere vs FNATIC,Natus Vincere,ban,Abyss
VCT 2026: EMEA Kickoff,Main Event,Middle Round 3,Natus Vincere vs FNATIC,FNATIC,ban,Haven
VCT 2026: EMEA Kickoff,Main Event,Middle Round 3,Team Vitality vs GIANTX,GIANTX,ban,Corrode
VCT 2026: EMEA Kickoff,Main Event,Middle Round 3,Team Vitality vs GIANTX,Team Vitality,ban,Pearl
VCT 2026: EMEA Kickoff,Main Event,Middle Round 3,Team Vitality vs GIANTX,GIANTX,pick,Abyss
VCT 2026: EMEA Kickoff,Main Event,Middle Round 3,Team Vitality vs GIANTX,Team Vitality,pick,Breeze
VCT 2026: EMEA Kickoff,Main Event,Middle Round 3,Team Vitality vs GIANTX,GIANTX,ban,Split
VCT 2026: EMEA Kickoff,Main Event,Middle Round 3,Team Vitality vs GIANTX,Team Vitality,ban,Bind
VCT 2026: EMEA Kickoff,Main Event,Lower Round 2,Team Heretics vs Karmine Corp,Karmine Corp,ban,Breeze
VCT 2026: EMEA Kickoff,Main Event,Lower Round 2,Team Heretics vs Karmine Corp,Team Heretics,ban,Pearl
VCT 2026: EMEA Kickoff,Main Event,Lower Round 2,Team Heretics vs Karmine Corp,Karmine Corp,pick,Abyss
VCT 2026: EMEA Kickoff,Main Event,Lower Round 2,Team Heretics vs Karmine Corp,Team Heretics,pick,Haven
VCT 2026: EMEA Kickoff,Main Event,Lower Round 2,Team Heretics vs Karmine Corp,Karmine Corp,ban,Split
VCT 2026: EMEA Kickoff,Main Event,Lower Round 2,Team Heretics vs Karmine Corp,Team Heretics,ban,Bind
VCT 2026: EMEA Kickoff,Main Event,Lower Round 2,Team Liquid vs ULF Esports,ULF Esports,ban,Corrode
VCT 2026: EMEA Kickoff,Main Event,Lower Round 2,Team Liquid vs ULF Esports,Team Liquid,ban,Haven
VCT 2026: EMEA Kickoff,Main Event,Lower Round 2,Team Liquid vs ULF Esports,ULF Esports,pick,Split
VCT 2026: EMEA Kickoff,Main Event,Lower Round 2,Team Liquid vs ULF Esports,Team Liquid,pick,Breeze
VCT 2026: EMEA Kickoff,Main Event,Lower Round 2,Team Liquid vs ULF Esports,ULF Esports,ban,Bind
VCT 2026: EMEA Kickoff,Main Event,Lower Round 2,Team Liquid vs ULF Esports,Team Liquid,ban,Abyss
VCT 2026: EMEA Kickoff,Main Event,Lower Round 3,Natus Vincere vs Team Heretics,Team Heretics,ban,Split
VCT 2026: EMEA Kickoff,Main Event,Lower Round 3,Natus Vincere vs Team Heretics,Natus Vincere,ban,Corrode
VCT 2026: EMEA Kickoff,Main Event,Lower Round 3,Natus Vincere vs Team Heretics,Team Heretics,pick,Haven
VCT 2026: EMEA Kickoff,Main Event,Lower Round 3,Natus Vincere vs Team Heretics,Natus Vincere,pick,Breeze
VCT 2026: EMEA Kickoff,Main Event,Lower Round 3,Natus Vincere vs Team Heretics,Team Heretics,ban,Pearl
VCT 2026: EMEA Kickoff,Main Event,Lower Round 3,Natus Vincere vs Team Heretics,Natus Vincere,ban,Abyss
VCT 2026: EMEA Kickoff,Main Event,Lower Round 3,GIANTX vs Team Liquid,Team Liquid,ban,Haven
VCT 2026: EMEA Kickoff,Main Event,Lower Round 3,GIANTX vs Team Liquid,GIANTX,ban,Corrode
VCT 2026: EMEA Kickoff,Main Event,Lower Round 3,GIANTX vs Team Liquid,Team Liquid,pick,Breeze
VCT 2026: EMEA Kickoff,Main Event,Lower Round 3,GIANTX vs Team Liquid,GIANTX,pick,Pearl
VCT 2026: EMEA Kickoff,Main Event,Lower Round 3,GIANTX vs Team Liquid,Team Liquid,ban,Split
VCT 2026: EMEA Kickoff,Main Event,Lower Round 3,GIANTX vs Team Liquid,GIANTX,ban,Abyss
VCT 2026: EMEA Kickoff,Main Event,Lower Round 4,Team Heretics vs Team Liquid,Team Liquid,ban,Haven
VCT 2026: EMEA Kickoff,Main Event,Lower Round 4,Team Heretics vs Team Liquid,Team Heretics,ban,Pearl
VCT 2026: EMEA Kickoff,Main Event,Lower Round 4,Team Heretics vs Team Liquid,Team Liquid,pick,Abyss
VCT 2026: EMEA Kickoff,Main Event,Lower Round 4,Team Heretics vs Team Liquid,Team Heretics,pick,Bind
VCT 2026: EMEA Kickoff,Main Event,Lower Round 4,Team Heretics vs Team Liquid,Team Liquid,ban,Corrode
VCT 2026: EMEA Kickoff,Main Event,Lower Round 4,Team Heretics vs Team Liquid,Team Heretics,ban,Split
VCT 2026: EMEA Kickoff,Main Event,Middle Round 4,FNATIC vs Team Vitality,Team Vitality,ban,Split
VCT 2026: EMEA Kickoff,Main Event,Middle Round 4,FNATIC vs Team Vitality,FNATIC,ban,Breeze
VCT 2026: EMEA Kickoff,Main Event,Middle Round 4,FNATIC vs Team Vitality,Team Vitality,pick,Abyss
VCT 2026: EMEA Kickoff,Main Event,Middle Round 4,FNATIC vs Team Vitality,FNATIC,pick,Bind
VCT 2026: EMEA Kickoff,Main Event,Middle Round 4,FNATIC vs Team Vitality,Team Vitality,ban,Haven
VCT 2026: EMEA Kickoff,Main Event,Middle Round 4,FNATIC vs Team Vitality,FNATIC,ban,Pearl
VCT 2026: EMEA Kickoff,Main Event,Upper Final,Gentle Mates vs BBL Esports,BBL Esports,ban,Bind
VCT 2026: EMEA Kickoff,Main Event,Upper Final,Gentle Mates vs BBL Esports,Gentle Mates,ban,Breeze
VCT 2026: EMEA Kickoff,Main Event,Upper Final,Gentle Mates vs BBL Esports,BBL Esports,pick,Haven
VCT 2026: EMEA Kickoff,Main Event,Upper Final,Gentle Mates vs BBL Esports,Gentle Mates,pick,Abyss
VCT 2026: EMEA Kickoff,Main Event,Upper Final,Gentle Mates vs BBL Esports,BBL Esports,pick,Pearl
VCT 2026: EMEA Kickoff,Main Event,Upper Final,Gentle Mates vs BBL Esports,Gentle Mates,pick,Split
VCT 2026: EMEA Kickoff,Main Event,Lower Round 5,Team Vitality vs Team Liquid,Team Vitality,ban,Split
VCT 2026: EMEA Kickoff,Main Event,Lower Round 5,Team Vitality vs Team Liquid,Team Liquid,ban,Haven
VCT 2026: EMEA Kickoff,Main Event,Lower Round 5,Team Vitality vs Team Liquid,Team Vitality,pick,Corrode
VCT 2026: EMEA Kickoff,Main Event,Lower Round 5,Team Vitality vs Team Liquid,Team Liquid,pick,Bind
VCT 2026: EMEA Kickoff,Main Event,Lower Round 5,Team Vitality vs Team Liquid,Team Vitality,ban,Pearl
VCT 2026: EMEA Kickoff,Main Event,Lower Round 5,Team Vitality vs Team Liquid,Team Liquid,ban,Abyss
VCT 2026: EMEA Kickoff,Main Event,Middle Final,Gentle Mates vs FNATIC,Gentle Mates,ban,Breeze
VCT 2026: EMEA Kickoff,Main Event,Middle Final,Gentle Mates vs FNATIC,FNATIC,ban,Pearl
VCT 2026: EMEA Kickoff,Main Event,Middle Final,Gentle Mates vs FNATIC,Gentle Mates,pick,Abyss
VCT 2026: EMEA Kickoff,Main Event,Middle Final,Gentle Mates vs FNATIC,FNATIC,pick,Corrode
VCT 2026: EMEA Kickoff,Main Event,Middle Final,Gentle Mates vs FNATIC,Gentle Mates,pick,Split
VCT 2026: EMEA Kickoff,Main Event,Middle Final,Gentle Mates vs FNATIC,FNATIC,pick,Bind
VCT 2026: EMEA Kickoff,Main Event,Lower Final,FNATIC vs Team Liquid,FNATIC,ban,Pearl
VCT 2026: EMEA Kickoff,Main Event,Lower Final,FNATIC vs Team Liquid,Team Liquid,ban,Haven
VCT 2026: EMEA Kickoff,Main Event,Lower Final,FNATIC vs Team Liquid,FNATIC,pick,Corrode
VCT 2026: EMEA Kickoff,Main Event,Lower Final,FNATIC vs Team Liquid,Team Liquid,pick,Bind
VCT 2026: EMEA Kickoff,Main Event,Lower Final,FNATIC vs Team Liquid,FNATIC,pick,Abyss
VCT 2026: EMEA Kickoff,Main Event,Lower Final,FNATIC vs Team Liquid,Team Liquid,pick,Breeze
VCT 2026: Pacific Kickoff,Main Event,Upper Round 1,Nongshim RedForce vs Team Secret,Team Secret,ban,Corrode
VCT 2026: Pacific Kickoff,Main Event,Upper Round 1,Nongshim RedForce vs Team Secret,Nongshim RedForce,ban,Pearl
VCT 2026: Pacific Kickoff,Main Event,Upper Round 1,Nongshim RedForce vs Team Secret,Team Secret,pick,Haven
VCT 2026: Pacific Kickoff,Main Event,Upper Round 1,Nongshim RedForce vs Team Secret,Nongshim RedForce,pick,Split
VCT 2026: Pacific Kickoff,Main Event,Upper Round 1,Nongshim RedForce vs Team Secret,Team Secret,ban,Abyss
VCT 2026: Pacific Kickoff,Main Event,Upper Round 1,Nongshim RedForce vs Team Secret,Nongshim RedForce,ban,Bind
VCT 2026: Pacific Kickoff,Main Event,Upper Round 1,ZETA DIVISION vs FULL SENSE,FULL SENSE,ban,Haven
VCT 2026: Pacific Kickoff,Main Event,Upper Round 1,ZETA DIVISION vs FULL SENSE,ZETA DIVISION,ban,Pearl
VCT 2026: Pacific Kickoff,Main Event,Upper Round 1,ZETA DIVISION vs FULL SENSE,FULL SENSE,pick,Corrode
VCT 2026: Pacific Kickoff,Main Event,Upper Round 1,ZETA DIVISION vs FULL SENSE,ZETA DIVISION,pick,Split
VCT 2026: Pacific Kickoff,Main Event,Upper Round 1,ZETA DIVISION vs FULL SENSE,FULL SENSE,ban,Abyss
VCT 2026: Pacific Kickoff,Main Event,Upper Round 1,ZETA DIVISION vs FULL SENSE,ZETA DIVISION,ban,Bind
VCT 2026: Pacific Kickoff,Main Event,Upper Round 1,VARREL vs Global Esports,VARREL,ban,Corrode
VCT 2026: Pacific Kickoff,Main Event,Upper Round 1,VARREL vs Global Esports,Global Esports,ban,Bind
VCT 2026: Pacific Kickoff,Main Event,Upper Round 1,VARREL vs Global Esports,VARREL,pick,Split
VCT 2026: Pacific Kickoff,Main Event,Upper Round 1,VARREL vs Global Esports,Global Esports,pick,Abyss
VCT 2026: Pacific Kickoff,Main Event,Upper Round 1,VARREL vs Global Esports,VARREL,ban,Breeze
VCT 2026: Pacific Kickoff,Main Event,Upper Round 1,VARREL vs Global Esports,Global Esports,ban,Pearl
VCT 2026: Pacific Kickoff,Main Event,Upper Round 1,DetonatioN FocusMe vs Gen.G,Gen.G,ban,Bind
VCT 2026: Pacific Kickoff,Main Event,Upper Round 1,DetonatioN FocusMe vs Gen.G,DetonatioN FocusMe,ban,Breeze
VCT 2026: Pacific Kickoff,Main Event,Upper Round 1,DetonatioN FocusMe vs Gen.G,Gen.G,pick,Abyss
VCT 2026: Pacific Kickoff,Main Event,Upper Round 1,DetonatioN FocusMe vs Gen.G,DetonatioN FocusMe,pick,Pearl
VCT 2026: Pacific Kickoff,Main Event,Upper Round 1,DetonatioN FocusMe vs Gen.G,Gen.G,ban,Corrode
VCT 2026: Pacific Kickoff,Main Event,Upper Round 1,DetonatioN FocusMe vs Gen.G,DetonatioN FocusMe,ban,Split
VCT 2026: Pacific Kickoff,Main Event,Upper Round 2,T1 vs Nongshim RedForce,Nongshim RedForce,ban,Pearl
VCT 2026: Pacific Kickoff,Main Event,Upper Round 2,T1 vs Nongshim RedForce,T1,ban,Bind
VCT 2026: Pacific Kickoff,Main Event,Upper Round 2,T1 vs Nongshim RedForce,Nongshim RedForce,pick,Split
VCT 2026: Pacific Kickoff,Main Event,Upper Round 2,T1 vs Nongshim RedForce,T1,pick,Haven
VCT 2026: Pacific Kickoff,Main Event,Upper Round 2,T1 vs Nongshim RedForce,Nongshim RedForce,ban,Breeze
VCT 2026: Pacific Kickoff,Main Event,Upper Round 2,T1 vs Nongshim RedForce,T1,ban,Abyss
VCT 2026: Pacific Kickoff,Main Event,Upper Round 2,DRX vs FULL SENSE,FULL SENSE,ban,Abyss
VCT 2026: Pacific Kickoff,Main Event,Upper Round 2,DRX vs FULL SENSE,DRX,ban,Corrode
VCT 2026: Pacific Kickoff,Main Event,Upper Round 2,DRX vs FULL SENSE,FULL SENSE,pick,Breeze
VCT 2026: Pacific Kickoff,Main Event,Upper Round 2,DRX vs FULL SENSE,DRX,pick,Pearl
VCT 2026: Pacific Kickoff,Main Event,Upper Round 2,DRX vs FULL SENSE,FULL SENSE,ban,Haven
VCT 2026: Pacific Kickoff,Main Event,Upper Round 2,DRX vs FULL SENSE,DRX,ban,Bind
VCT 2026: Pacific Kickoff,Main Event,Upper Round 2,Paper Rex vs Global Esports,Global Esports,ban,Pearl
VCT 2026: Pacific Kickoff,Main Event,Upper Round 2,Paper Rex vs Global Esports,Paper Rex,ban,Abyss
VCT 2026: Pacific Kickoff,Main Event,Upper Round 2,Paper Rex vs Global Esports,Global Esports,pick,Breeze
VCT 2026: Pacific Kickoff,Main Event,Upper Round 2,Paper Rex vs Global Esports,Paper Rex,pick,Split
VCT 2026: Pacific Kickoff,Main Event,Upper Round 2,Paper Rex vs Global Esports,Global Esports,ban,Haven
VCT 2026: Pacific Kickoff,Main Event,Upper Round 2,Paper Rex vs Global Esports,Paper Rex,ban,Corrode
VCT 2026: Pacific Kickoff,Main Event,Upper Round 2,Rex Regum Qeon vs DetonatioN FocusMe,DetonatioN FocusMe,ban,Pearl
VCT 2026: Pacific Kickoff,Main Event,Upper Round 2,Rex Regum Qeon vs DetonatioN FocusMe,Rex Regum Qeon,ban,Abyss
VCT 2026: Pacific Kickoff,Main Event,Upper Round 2,Rex Regum Qeon vs DetonatioN FocusMe,DetonatioN FocusMe,pick,Haven
VCT 2026: Pacific Kickoff,Main Event,Upper Round 2,Rex Regum Qeon vs DetonatioN FocusMe,Rex Regum Qeon,pick,Corrode
VCT 2026: Pacific Kickoff,Main Event,Upper Round 2,Rex Regum Qeon vs DetonatioN FocusMe,DetonatioN FocusMe,ban,Breeze
VCT 2026: Pacific Kickoff,Main Event,Upper Round 2,Rex Regum Qeon vs DetonatioN FocusMe,Rex Regum Qeon,ban,Split
VCT 2026: Pacific Kickoff,Main Event,Middle Round 1,Team Secret vs DetonatioN FocusMe,Team Secret,ban,Corrode
VCT 2026: Pacific Kickoff,Main Event,Middle Round 1,Team Secret vs DetonatioN FocusMe,DetonatioN FocusMe,ban,Haven
VCT 2026: Pacific Kickoff,Main Event,Middle Round 1,Team Secret vs DetonatioN FocusMe,Team Secret,pick,Split
VCT 2026: Pacific Kickoff,Main Event,Middle Round 1,Team Secret vs DetonatioN FocusMe,DetonatioN FocusMe,pick,Bind
VCT 2026: Pacific Kickoff,Main Event,Middle Round 1,Team Secret vs DetonatioN FocusMe,Team Secret,ban,Abyss
VCT 2026: Pacific Kickoff,Main Event,Middle Round 1,Team Secret vs DetonatioN FocusMe,DetonatioN FocusMe,ban,Pearl
VCT 2026: Pacific Kickoff,Main Event,Middle Round 1,ZETA DIVISION vs Global Esports,ZETA DIVISION,ban,Pearl
VCT 2026: Pacific Kickoff,Main Event,Middle Round 1,ZETA DIVISION vs Global Esports,Global Esports,ban,Corrode
VCT 2026: Pacific Kickoff,Main Event,Middle Round 1,ZETA DIVISION vs Global Esports,ZETA DIVISION,pick,Haven
VCT 2026: Pacific Kickoff,Main Event,Middle Round 1,ZETA DIVISION vs Global Esports,Global Esports,pick,Abyss
VCT 2026: Pacific Kickoff,Main Event,Middle Round 1,ZETA DIVISION vs Global Esports,ZETA DIVISION,ban,Bind
VCT 2026: Pacific Kickoff,Main Event,Middle Round 1,ZETA DIVISION vs Global Esports,Global Esports,ban,Breeze
VCT 2026: Pacific Kickoff,Main Event,Middle Round 1,VARREL vs DRX,VARREL,ban,Abyss
VCT 2026: Pacific Kickoff,Main Event,Middle Round 1,VARREL vs DRX,DRX,ban,Pearl
VCT 2026: Pacific Kickoff,Main Event,Middle Round 1,VARREL vs DRX,VARREL,pick,Corrode
VCT 2026: Pacific Kickoff,Main Event,Middle Round 1,VARREL vs DRX,DRX,pick,Split
VCT 2026: Pacific Kickoff,Main Event,Middle Round 1,VARREL vs DRX,VARREL,ban,Breeze
VCT 2026: Pacific Kickoff,Main Event,Middle Round 1,VARREL vs DRX,DRX,ban,Haven
VCT 2026: Pacific Kickoff,Main Event,Middle Round 1,Gen.G vs T1,Gen.G,ban,Pearl
VCT 2026: Pacific Kickoff,Main Event,Middle Round 1,Gen.G vs T1,T1,ban,Abyss
VCT 2026: Pacific Kickoff,Main Event,Middle Round 1,Gen.G vs T1,Gen.G,pick,Breeze
VCT 2026: Pacific Kickoff,Main Event,Middle Round 1,Gen.G vs T1,T1,pick,Bind
VCT 2026: Pacific Kickoff,Main Event,Middle Round 1,Gen.G vs T1,Gen.G,ban,Split
VCT 2026: Pacific Kickoff,Main Event,Middle Round 1,Gen.G vs T1,T1,ban,Corrode
VCT 2026: Pacific Kickoff,Main Event,Upper Round 3,Nongshim RedForce vs FULL SENSE,FULL SENSE,ban,Haven
VCT 2026: Pacific Kickoff,Main Event,Upper Round 3,Nongshim RedForce vs FULL SENSE,Nongshim RedForce,ban,Pearl
VCT 2026: Pacific Kickoff,Main Event,Upper Round 3,Nongshim RedForce vs FULL SENSE,FULL SENSE,pick,Split
VCT 2026: Pacific Kickoff,Main Event,Upper Round 3,Nongshim RedForce vs FULL SENSE,Nongshim RedForce,pick,Bind
VCT 2026: Pacific Kickoff,Main Event,Upper Round 3,Nongshim RedForce vs FULL SENSE,FULL SENSE,ban,Abyss
VCT 2026: Pacific Kickoff,Main Event,Upper Round 3,Nongshim RedForce vs FULL SENSE,Nongshim RedForce,ban,Breeze
VCT 2026: Pacific Kickoff,Main Event,Upper Round 3,Paper Rex vs Rex Regum Qeon,Paper Rex,ban,Abyss
VCT 2026: Pacific Kickoff,Main Event,Upper Round 3,Paper Rex vs Rex Regum Qeon,Rex Regum Qeon,ban,Split
VCT 2026: Pacific Kickoff,Main Event,Upper Round 3,Paper Rex vs Rex Regum Qeon,Paper Rex,pick,Bind
VCT 2026: Pacific Kickoff,Main Event,Upper Round 3,Paper Rex vs Rex Regum Qeon,Rex Regum Qeon,pick,Pearl
VCT 2026: Pacific Kickoff,Main Event,Upper Round 3,Paper Rex vs Rex Regum Qeon,Paper Rex,ban,Corrode
VCT 2026: Pacific Kickoff,Main Event,Upper Round 3,Paper Rex vs Rex Regum Qeon,Rex Regum Qeon,ban,Haven
VCT 2026: Pacific Kickoff,Main Event,Middle Round 2,DetonatioN FocusMe vs Global Esports,Global Esports,ban,Abyss
VCT 2026: Pacific Kickoff,Main Event,Middle Round 2,DetonatioN FocusMe vs Global Esports,DetonatioN FocusMe,ban,Corrode
VCT 2026: Pacific Kickoff,Main Event,Middle Round 2,DetonatioN FocusMe vs Global Esports,Global Esports,pick,Breeze
VCT 2026: Pacific Kickoff,Main Event,Middle Round 2,DetonatioN FocusMe vs Global Esports,DetonatioN FocusMe,pick,Pearl
VCT 2026: Pacific Kickoff,Main Event,Middle Round 2,DetonatioN FocusMe vs Global Esports,Global Esports,ban,Bind
VCT 2026: Pacific Kickoff,Main Event,Middle Round 2,DetonatioN FocusMe vs Global Esports,DetonatioN FocusMe,ban,Haven
VCT 2026: Pacific Kickoff,Main Event,Middle Round 2,DRX vs T1,DRX,ban,Pearl
VCT 2026: Pacific Kickoff,Main Event,Middle Round 2,DRX vs T1,T1,ban,Abyss
VCT 2026: Pacific Kickoff,Main Event,Middle Round 2,DRX vs T1,DRX,pick,Split
VCT 2026: Pacific Kickoff,Main Event,Middle Round 2,DRX vs T1,T1,pick,Bind
VCT 2026: Pacific Kickoff,Main Event,Middle Round 2,DRX vs T1,DRX,ban,Haven
VCT 2026: Pacific Kickoff,Main Event,Middle Round 2,DRX vs T1,T1,ban,Corrode
VCT 2026: Pacific Kickoff,Main Event,Lower Round 1,Team Secret vs ZETA DIVISION,ZETA DIVISION,ban,Pearl
VCT 2026: Pacific Kickoff,Main Event,Lower Round 1,Team Secret vs ZETA DIVISION,Team Secret,ban,Corrode
VCT 2026: Pacific Kickoff,Main Event,Lower Round 1,Team Secret vs ZETA DIVISION,ZETA DIVISION,pick,Bind
VCT 2026: Pacific Kickoff,Main Event,Lower Round 1,Team Secret vs ZETA DIVISION,Team Secret,pick,Split
VCT 2026: Pacific Kickoff,Main Event,Lower Round 1,Team Secret vs ZETA DIVISION,ZETA DIVISION,ban,Breeze
VCT 2026: Pacific Kickoff,Main Event,Lower Round 1,Team Secret vs ZETA DIVISION,Team Secret,ban,Haven
VCT 2026: Pacific Kickoff,Main Event,Lower Round 1,VARREL vs Gen.G,Gen.G,ban,Corrode
VCT 2026: Pacific Kickoff,Main Event,Lower Round 1,VARREL vs Gen.G,VARREL,ban,Abyss
VCT 2026: Pacific Kickoff,Main Event,Lower Round 1,VARREL vs Gen.G,Gen.G,pick,Breeze
VCT 2026: Pacific Kickoff,Main Event,Lower Round 1,VARREL vs Gen.G,VARREL,pick,Pearl
VCT 2026: Pacific Kickoff,Main Event,Lower Round 1,VARREL vs Gen.G,Gen.G,ban,Split
VCT 2026: Pacific Kickoff,Main Event,Lower Round 1,VARREL vs Gen.G,VARREL,ban,Bind
VCT 2026: Pacific Kickoff,Main Event,Middle Round 3,FULL SENSE vs DetonatioN FocusMe,DetonatioN FocusMe,ban,Corrode
VCT 2026: Pacific Kickoff,Main Event,Middle Round 3,FULL SENSE vs DetonatioN FocusMe,FULL SENSE,ban,Bind
VCT 2026: Pacific Kickoff,Main Event,Middle Round 3,FULL SENSE vs DetonatioN FocusMe,DetonatioN FocusMe,pick,Pearl
VCT 2026: Pacific Kickoff,Main Event,Middle Round 3,FULL SENSE vs DetonatioN FocusMe,FULL SENSE,pick,Split
VCT 2026: Pacific Kickoff,Main Event,Middle Round 3,FULL SENSE vs DetonatioN FocusMe,DetonatioN FocusMe,ban,Breeze
VCT 2026: Pacific Kickoff,Main Event,Middle Round 3,FULL SENSE vs DetonatioN FocusMe,FULL SENSE,ban,Abyss
VCT 2026: Pacific Kickoff,Main Event,Middle Round 3,Paper Rex vs T1,T1,ban,Haven
VCT 2026: Pacific Kickoff,Main Event,Middle Round 3,Paper Rex vs T1,Paper Rex,ban,Abyss
VCT 2026: Pacific Kickoff,Main Event,Middle Round 3,Paper Rex vs T1,T1,pick,Pearl
VCT 2026: Pacific Kickoff,Main Event,Middle Round 3,Paper Rex vs T1,Paper Rex,pick,Breeze
VCT 2026: Pacific Kickoff,Main Event,Middle Round 3,Paper Rex vs T1,T1,ban,Corrode
VCT 2026: Pacific Kickoff,Main Event,Middle Round 3,Paper Rex vs T1,Paper Rex,ban,Split
VCT 2026: Pacific Kickoff,Main Event,Lower Round 2,DRX vs ZETA DIVISION,ZETA DIVISION,ban,Abyss
VCT 2026: Pacific Kickoff,Main Event,Lower Round 2,DRX vs ZETA DIVISION,DRX,ban,Pearl
VCT 2026: Pacific Kickoff,Main Event,Lower Round 2,DRX vs ZETA DIVISION,ZETA DIVISION,pick,Haven
VCT 2026: Pacific Kickoff,Main Event,Lower Round 2,DRX vs ZETA DIVISION,DRX,pick,Bind
VCT 2026: Pacific Kickoff,Main Event,Lower Round 2,DRX vs ZETA DIVISION,ZETA DIVISION,ban,Breeze
VCT 2026: Pacific Kickoff,Main Event,Lower Round 2,DRX vs ZETA DIVISION,DRX,ban,Corrode
VCT 2026: Pacific Kickoff,Main Event,Lower Round 2,Global Esports vs Gen.G,Gen.G,ban,Corrode
VCT 2026: Pacific Kickoff,Main Event,Lower Round 2,Global Esports vs Gen.G,Global Esports,ban,Pearl
VCT 2026: Pacific Kickoff,Main Event,Lower Round 2,Global Esports vs Gen.G,Gen.G,pick,Breeze
VCT 2026: Pacific Kickoff,Main Event,Lower Round 2,Global Esports vs Gen.G,Global Esports,pick,Abyss
VCT 2026: Pacific Kickoff,Main Event,Lower Round 2,Global Esports vs Gen.G,Gen.G,ban,Split
VCT 2026: Pacific Kickoff,Main Event,Lower Round 2,Global Esports vs Gen.G,Global Esports,ban,Bind
VCT 2026: Pacific Kickoff,Main Event,Lower Round 3,FULL SENSE vs DRX,FULL SENSE,ban,Haven
VCT 2026: Pacific Kickoff,Main Event,Lower Round 3,FULL SENSE vs DRX,DRX,ban,Pearl
VCT 2026: Pacific Kickoff,Main Event,Lower Round 3,FULL SENSE vs DRX,FULL SENSE,pick,Corrode
VCT 2026: Pacific Kickoff,Main Event,Lower Round 3,FULL SENSE vs DRX,DRX,pick,Abyss
VCT 2026: Pacific Kickoff,Main Event,Lower Round 3,FULL SENSE vs DRX,FULL SENSE,ban,Bind
VCT 2026: Pacific Kickoff,Main Event,Lower Round 3,FULL SENSE vs DRX,DRX,ban,Breeze
VCT 2026: Pacific Kickoff,Main Event,Lower Round 3,Paper Rex vs Global Esports,Global Esports,ban,Bind
VCT 2026: Pacific Kickoff,Main Event,Lower Round 3,Paper Rex vs Global Esports,Paper Rex,ban,Abyss
VCT 2026: Pacific Kickoff,Main Event,Lower Round 3,Paper Rex vs Global Esports,Global Esports,pick,Corrode
VCT 2026: Pacific Kickoff,Main Event,Lower Round 3,Paper Rex vs Global Esports,Paper Rex,pick,Breeze
VCT 2026: Pacific Kickoff,Main Event,Lower Round 3,Paper Rex vs Global Esports,Global Esports,ban,Haven
VCT 2026: Pacific Kickoff,Main Event,Lower Round 3,Paper Rex vs Global Esports,Paper Rex,ban,Pearl
VCT 2026: Pacific Kickoff,Main Event,Lower Round 4,DRX vs Paper Rex,Paper Rex,ban,Abyss
VCT 2026: Pacific Kickoff,Main Event,Lower Round 4,DRX vs Paper Rex,DRX,ban,Pearl
VCT 2026: Pacific Kickoff,Main Event,Lower Round 4,DRX vs Paper Rex,Paper Rex,pick,Haven
VCT 2026: Pacific Kickoff,Main Event,Lower Round 4,DRX vs Paper Rex,DRX,pick,Corrode
VCT 2026: Pacific Kickoff,Main Event,Lower Round 4,DRX vs Paper Rex,Paper Rex,ban,Bind
VCT 2026: Pacific Kickoff,Main Event,Lower Round 4,DRX vs Paper Rex,DRX,ban,Split
VCT 2026: Pacific Kickoff,Main Event,Middle Round 4,DetonatioN FocusMe vs T1,DetonatioN FocusMe,ban,Corrode
VCT 2026: Pacific Kickoff,Main Event,Middle Round 4,DetonatioN FocusMe vs T1,T1,ban,Haven
VCT 2026: Pacific Kickoff,Main Event,Middle Round 4,DetonatioN FocusMe vs T1,DetonatioN FocusMe,pick,Pearl
VCT 2026: Pacific Kickoff,Main Event,Middle Round 4,DetonatioN FocusMe vs T1,T1,pick,Split
VCT 2026: Pacific Kickoff,Main Event,Middle Round 4,DetonatioN FocusMe vs T1,DetonatioN FocusMe,ban,Breeze
VCT 2026: Pacific Kickoff,Main Event,Middle Round 4,DetonatioN FocusMe vs T1,T1,ban,Abyss
VCT 2026: Pacific Kickoff,Main Event,Upper Final,Nongshim RedForce vs Rex Regum Qeon,Rex Regum Qeon,ban,Split
VCT 2026: Pacific Kickoff,Main Event,Upper Final,Nongshim RedForce vs Rex Regum Qeon,Nongshim RedForce,ban,Pearl
VCT 2026: Pacific Kickoff,Main Event,Upper Final,Nongshim RedForce vs Rex Regum Qeon,Rex Regum Qeon,pick,Corrode
VCT 2026: Pacific Kickoff,Main Event,Upper Final,Nongshim RedForce vs Rex Regum Qeon,Nongshim RedForce,pick,Bind
VCT 2026: Pacific Kickoff,Main Event,Upper Final,Nongshim RedForce vs Rex Regum Qeon,Rex Regum Qeon,pick,Haven
VCT 2026: Pacific Kickoff,Main Event,Upper Final,Nongshim RedForce vs Rex Regum Qeon,Nongshim RedForce,pick,Abyss
VCT 2026: Pacific Kickoff,Main Event,Lower Round 5,DetonatioN FocusMe vs Paper Rex,Paper Rex,ban,Abyss
VCT 2026: Pacific Kickoff,Main Event,Lower Round 5,DetonatioN FocusMe vs Paper Rex,DetonatioN FocusMe,ban,Corrode
VCT 2026: Pacific Kickoff,Main Event,Lower Round 5,DetonatioN FocusMe vs Paper Rex,Paper Rex,pick,Haven
VCT 2026: Pacific Kickoff,Main Event,Lower Round 5,DetonatioN FocusMe vs Paper Rex,DetonatioN FocusMe,pick,Split
VCT 2026: Pacific Kickoff,Main Event,Lower Round 5,DetonatioN FocusMe vs Paper Rex,Paper Rex,ban,Pearl
VCT 2026: Pacific Kickoff,Main Event,Lower Round 5,DetonatioN FocusMe vs Paper Rex,DetonatioN FocusMe,ban,Breeze
VCT 2026: Pacific Kickoff,Main Event,Middle Final,Rex Regum Qeon vs T1,Rex Regum Qeon,ban,Split
VCT 2026: Pacific Kickoff,Main Event,Middle Final,Rex Regum Qeon vs T1,T1,ban,Corrode
VCT 2026: Pacific Kickoff,Main Event,Middle Final,Rex Regum Qeon vs T1,Rex Regum Qeon,pick,Pearl
VCT 2026: Pacific Kickoff,Main Event,Middle Final,Rex Regum Qeon vs T1,T1,pick,Breeze
VCT 2026: Pacific Kickoff,Main Event,Middle Final,Rex Regum Qeon vs T1,Rex Regum Qeon,pick,Abyss
VCT 2026: Pacific Kickoff,Main Event,Middle Final,Rex Regum Qeon vs T1,T1,pick,Haven
VCT 2026: Pacific Kickoff,Main Event,Lower Final,Rex Regum Qeon vs Paper Rex,Paper Rex,ban,Abyss
VCT 2026: Pacific Kickoff,Main Event,Lower Final,Rex Regum Qeon vs Paper Rex,Rex Regum Qeon,ban,Split
VCT 2026: Pacific Kickoff,Main Event,Lower Final,Rex Regum Qeon vs Paper Rex,Paper Rex,pick,Haven
VCT 2026: Pacific Kickoff,Main Event,Lower Final,Rex Regum Qeon vs Paper Rex,Rex Regum Qeon,pick,Corrode
VCT 2026: Pacific Kickoff,Main Event,Lower Final,Rex Regum Qeon vs Paper Rex,Paper Rex,pick,Breeze
VCT 2026: Pacific Kickoff,Main Event,Lower Final,Rex Regum Qeon vs Paper Rex,Rex Regum Qeon,pick,Pearl
VCT 2026: China Kickoff,Main Event,Upper Round 1,Trace Esports vs Wolves Esports,Trace Esports,ban,Breeze
VCT 2026: China Kickoff,Main Event,Upper Round 1,Trace Esports vs Wolves Esports,Wolves Esports,ban,Corrode
VCT 2026: China Kickoff,Main Event,Upper Round 1,Trace Esports vs Wolves Esports,Trace Esports,pick,Abyss
VCT 2026: China Kickoff,Main Event,Upper Round 1,Trace Esports vs Wolves Esports,Wolves Esports,pick,Haven
VCT 2026: China Kickoff,Main Event,Upper Round 1,Trace Esports vs Wolves Esports,Trace Esports,ban,Pearl
VCT 2026: China Kickoff,Main Event,Upper Round 1,Trace Esports vs Wolves Esports,Wolves Esports,ban,Split
VCT 2026: China Kickoff,Main Event,Upper Round 1,FunPlus Phoenix vs TYLOO,TYLOO,ban,Bind
VCT 2026: China Kickoff,Main Event,Upper Round 1,FunPlus Phoenix vs TYLOO,FunPlus Phoenix,ban,Split
VCT 2026: China Kickoff,Main Event,Upper Round 1,FunPlus Phoenix vs TYLOO,TYLOO,pick,Pearl
VCT 2026: China Kickoff,Main Event,Upper Round 1,FunPlus Phoenix vs TYLOO,FunPlus Phoenix,pick,Haven
VCT 2026: China Kickoff,Main Event,Upper Round 1,FunPlus Phoenix vs TYLOO,TYLOO,ban,Breeze
VCT 2026: China Kickoff,Main Event,Upper Round 1,FunPlus Phoenix vs TYLOO,FunPlus Phoenix,ban,Corrode
VCT 2026: China Kickoff,Main Event,Upper Round 1,All Gamers vs Nova Esports,All Gamers,ban,Breeze
VCT 2026: China Kickoff,Main Event,Upper Round 1,All Gamers vs Nova Esports,Nova Esports,ban,Bind
VCT 2026: China Kickoff,Main Event,Upper Round 1,All Gamers vs Nova Esports,All Gamers,pick,Split
VCT 2026: China Kickoff,Main Event,Upper Round 1,All Gamers vs Nova Esports,Nova Esports,pick,Pearl
VCT 2026: China Kickoff,Main Event,Upper Round 1,All Gamers vs Nova Esports,All Gamers,ban,Haven
VCT 2026: China Kickoff,Main Event,Upper Round 1,All Gamers vs Nova Esports,Nova Esports,ban,Abyss
VCT 2026: China Kickoff,Main Event,Upper Round 1,JDG Esports vs Titan Esports Club,Titan Esports Club,ban,Pearl
VCT 2026: China Kickoff,Main Event,Upper Round 1,JDG Esports vs Titan Esports Club,JDG Esports,ban,Split
VCT 2026: China Kickoff,Main Event,Upper Round 1,JDG Esports vs Titan Esports Club,Titan Esports Club,pick,Corrode
VCT 2026: China Kickoff,Main Event,Upper Round 1,JDG Esports vs Titan Esports Club,JDG Esports,pick,Haven
VCT 2026: China Kickoff,Main Event,Upper Round 1,JDG Esports vs Titan Esports Club,Titan Esports Club,ban,Breeze
VCT 2026: China Kickoff,Main Event,Upper Round 1,JDG Esports vs Titan Esports Club,JDG Esports,ban,Bind
VCT 2026: China Kickoff,Main Event,Upper Round 2,Xi Lai Gaming vs Wolves Esports,Wolves Esports,ban,Corrode
VCT 2026: China Kickoff,Main Event,Upper Round 2,Xi Lai Gaming vs Wolves Esports,Xi Lai Gaming,ban,Split
VCT 2026: China Kickoff,Main Event,Upper Round 2,Xi Lai Gaming vs Wolves Esports,Wolves Esports,pick,Breeze
VCT 2026: China Kickoff,Main Event,Upper Round 2,Xi Lai Gaming vs Wolves Esports,Xi Lai Gaming,pick,Abyss
VCT 2026: China Kickoff,Main Event,Upper Round 2,Xi Lai Gaming vs Wolves Esports,Wolves Esports,ban,Pearl
VCT 2026: China Kickoff,Main Event,Upper Round 2,Xi Lai Gaming vs Wolves Esports,Xi Lai Gaming,ban,Haven
VCT 2026: China Kickoff,Main Event,Upper Round 2,EDward Gaming vs TYLOO,TYLOO,ban,Breeze
VCT 2026: China Kickoff,Main Event,Upper Round 2,EDward Gaming vs TYLOO,EDward Gaming,ban,Split
VCT 2026: China Kickoff,Main Event,Upper Round 2,EDward Gaming vs TYLOO,TYLOO,pick,Abyss
VCT 2026: China Kickoff,Main Event,Upper Round 2,EDward Gaming vs TYLOO,EDward Gaming,pick,Bind
VCT 2026: China Kickoff,Main Event,Upper Round 2,EDward Gaming vs TYLOO,TYLOO,ban,Corrode
VCT 2026: China Kickoff,Main Event,Upper Round 2,EDward Gaming vs TYLOO,EDward Gaming,ban,Haven
VCT 2026: China Kickoff,Main Event,Upper Round 2,Bilibili Gaming vs All Gamers,All Gamers,ban,Breeze
VCT 2026: China Kickoff,Main Event,Upper Round 2,Bilibili Gaming vs All Gamers,Bilibili Gaming,ban,Corrode
VCT 2026: China Kickoff,Main Event,Upper Round 2,Bilibili Gaming vs All Gamers,All Gamers,pick,Split
VCT 2026: China Kickoff,Main Event,Upper Round 2,Bilibili Gaming vs All Gamers,Bilibili Gaming,pick,Abyss
VCT 2026: China Kickoff,Main Event,Upper Round 2,Bilibili Gaming vs All Gamers,All Gamers,ban,Haven
VCT 2026: China Kickoff,Main Event,Upper Round 2,Bilibili Gaming vs All Gamers,Bilibili Gaming,ban,Pearl
VCT 2026: China Kickoff,Main Event,Upper Round 2,Dragon Ranger Gaming vs JDG Esports,Dragon Ranger Gaming,ban,Haven
VCT 2026: China Kickoff,Main Event,Upper Round 2,Dragon Ranger Gaming vs JDG Esports,JDG Esports,ban,Pearl
VCT 2026: China Kickoff,Main Event,Upper Round 2,Dragon Ranger Gaming vs JDG Esports,Dragon Ranger Gaming,pick,Abyss
VCT 2026: China Kickoff,Main Event,Upper Round 2,Dragon Ranger Gaming vs JDG Esports,JDG Esports,pick,Breeze
VCT 2026: China Kickoff,Main Event,Upper Round 2,Dragon Ranger Gaming vs JDG Esports,Dragon Ranger Gaming,ban,Split
VCT 2026: China Kickoff,Main Event,Upper Round 2,Dragon Ranger Gaming vs JDG Esports,JDG Esports,ban,Bind
VCT 2026: China Kickoff,Main Event,Middle Round 1,Nova Esports vs TYLOO,TYLOO,ban,Pearl
VCT 2026: China Kickoff,Main Event,Middle Round 1,Nova Esports vs TYLOO,Nova Esports,ban,Bind
VCT 2026: China Kickoff,Main Event,Middle Round 1,Nova Esports vs TYLOO,TYLOO,pick,Split
VCT 2026: China Kickoff,Main Event,Middle Round 1,Nova Esports vs TYLOO,Nova Esports,pick,Corrode
VCT 2026: China Kickoff,Main Event,Middle Round 1,Nova Esports vs TYLOO,TYLOO,ban,Abyss
VCT 2026: China Kickoff,Main Event,Middle Round 1,Nova Esports vs TYLOO,Nova Esports,ban,Haven
VCT 2026: China Kickoff,Main Event,Middle Round 1,Titan Esports Club vs Wolves Esports,Titan Esports Club,ban,Pearl
VCT 2026: China Kickoff,Main Event,Middle Round 1,Titan Esports Club vs Wolves Esports,Wolves Esports,ban,Corrode
VCT 2026: China Kickoff,Main Event,Middle Round 1,Titan Esports Club vs Wolves Esports,Titan Esports Club,pick,Breeze
VCT 2026: China Kickoff,Main Event,Middle Round 1,Titan Esports Club vs Wolves Esports,Wolves Esports,pick,Bind
VCT 2026: China Kickoff,Main Event,Middle Round 1,Titan Esports Club vs Wolves Esports,Titan Esports Club,ban,Abyss
VCT 2026: China Kickoff,Main Event,Middle Round 1,Titan Esports Club vs Wolves Esports,Wolves Esports,ban,Split
VCT 2026: China Kickoff,Main Event,Middle Round 1,Trace Esports vs JDG Esports,Trace Esports,ban,Breeze
VCT 2026: China Kickoff,Main Event,Middle Round 1,Trace Esports vs JDG Esports,JDG Esports,ban,Abyss
VCT 2026: China Kickoff,Main Event,Middle Round 1,Trace Esports vs JDG Esports,Trace Esports,pick,Split
VCT 2026: China Kickoff,Main Event,Middle Round 1,Trace Esports vs JDG Esports,JDG Esports,pick,Pearl
VCT 2026: China Kickoff,Main Event,Middle Round 1,Trace Esports vs JDG Esports,Trace Esports,ban,Bind
VCT 2026: China Kickoff,Main Event,Middle Round 1,Trace Esports vs JDG Esports,JDG Esports,ban,Haven
VCT 2026: China Kickoff,Main Event,Middle Round 1,FunPlus Phoenix vs Bilibili Gaming,Bilibili Gaming,ban,Corrode
VCT 2026: China Kickoff,Main Event,Middle Round 1,FunPlus Phoenix vs Bilibili Gaming,FunPlus Phoenix,ban,Split
VCT 2026: China Kickoff,Main Event,Middle Round 1,FunPlus Phoenix vs Bilibili Gaming,Bilibili Gaming,pick,Pearl
VCT 2026: China Kickoff,Main Event,Middle Round 1,FunPlus Phoenix vs Bilibili Gaming,FunPlus Phoenix,pick,Bind
VCT 2026: China Kickoff,Main Event,Middle Round 1,FunPlus Phoenix vs Bilibili Gaming,Bilibili Gaming,ban,Haven
VCT 2026: China Kickoff,Main Event,Middle Round 1,FunPlus Phoenix vs Bilibili Gaming,FunPlus Phoenix,ban,Abyss
VCT 2026: China Kickoff,Main Event,Middle Round 2,TYLOO vs Titan Esports Club,TYLOO,ban,Haven
VCT 2026: China Kickoff,Main Event,Middle Round 2,TYLOO vs Titan Esports Club,Titan Esports Club,ban,Pearl
VCT 2026: China Kickoff,Main Event,Middle Round 2,TYLOO vs Titan Esports Club,TYLOO,pick,Corrode
VCT 2026: China Kickoff,Main Event,Middle Round 2,TYLOO vs Titan Esports Club,Titan Esports Club,pick,Breeze
VCT 2026: China Kickoff,Main Event,Middle Round 2,TYLOO vs Titan Esports Club,TYLOO,ban,Bind
VCT 2026: China Kickoff,Main Event,Middle Round 2,TYLOO vs Titan Esports Club,Titan Esports Club,ban,Abyss
VCT 2026: China Kickoff,Main Event,Middle Round 2,Trace Esports vs Bilibili Gaming,Trace Esports,ban,Pearl
VCT 2026: China Kickoff,Main Event,Middle Round 2,Trace Esports vs Bilibili Gaming,Bilibili Gaming,ban,Corrode
VCT 2026: China Kickoff,Main Event,Middle Round 2,Trace Esports vs Bilibili Gaming,Trace Esports,pick,Abyss
VCT 2026: China Kickoff,Main Event,Middle Round 2,Trace Esports vs Bilibili Gaming,Bilibili Gaming,pick,Breeze
VCT 2026: China Kickoff,Main Event,Middle Round 2,Trace Esports vs Bilibili Gaming,Trace Esports,ban,Bind
VCT 2026: China Kickoff,Main Event,Middle Round 2,Trace Esports vs Bilibili Gaming,Bilibili Gaming,ban,Split
VCT 2026: China Kickoff,Main Event,Lower Round 1,Nova Esports vs Wolves Esports,Nova Esports,ban,Bind
VCT 2026: China Kickoff,Main Event,Lower Round 1,Nova Esports vs Wolves Esports,Wolves Esports,ban,Corrode
VCT 2026: China Kickoff,Main Event,Lower Round 1,Nova Esports vs Wolves Esports,Nova Esports,pick,Abyss
VCT 2026: China Kickoff,Main Event,Lower Round 1,Nova Esports vs Wolves Esports,Wolves Esports,pick,Haven
VCT 2026: China Kickoff,Main Event,Lower Round 1,Nova Esports vs Wolves Esports,Nova Esports,ban,Split
VCT 2026: China Kickoff,Main Event,Lower Round 1,Nova Esports vs Wolves Esports,Wolves Esports,ban,Breeze
VCT 2026: China Kickoff,Main Event,Upper Round 3,All Gamers vs Dragon Ranger Gaming,Dragon Ranger Gaming,ban,Haven
VCT 2026: China Kickoff,Main Event,Upper Round 3,All Gamers vs Dragon Ranger Gaming,All Gamers,ban,Breeze
VCT 2026: China Kickoff,Main Event,Upper Round 3,All Gamers vs Dragon Ranger Gaming,Dragon Ranger Gaming,pick,Corrode
VCT 2026: China Kickoff,Main Event,Upper Round 3,All Gamers vs Dragon Ranger Gaming,All Gamers,pick,Bind
VCT 2026: China Kickoff,Main Event,Upper Round 3,All Gamers vs Dragon Ranger Gaming,Dragon Ranger Gaming,ban,Split
VCT 2026: China Kickoff,Main Event,Upper Round 3,All Gamers vs Dragon Ranger Gaming,All Gamers,ban,Pearl
VCT 2026: China Kickoff,Main Event,Lower Round 1,JDG Esports vs FunPlus Phoenix,JDG Esports,ban,Breeze
VCT 2026: China Kickoff,Main Event,Lower Round 1,JDG Esports vs FunPlus Phoenix,FunPlus Phoenix,ban,Split
VCT 2026: China Kickoff,Main Event,Lower Round 1,JDG Esports vs FunPlus Phoenix,JDG Esports,pick,Pearl
VCT 2026: China Kickoff,Main Event,Lower Round 1,JDG Esports vs FunPlus Phoenix,FunPlus Phoenix,pick,Bind
VCT 2026: China Kickoff,Main Event,Lower Round 1,JDG Esports vs FunPlus Phoenix,JDG Esports,ban,Corrode
VCT 2026: China Kickoff,Main Event,Lower Round 1,JDG Esports vs FunPlus Phoenix,FunPlus Phoenix,ban,Abyss
VCT 2026: China Kickoff,Main Event,Upper Round 3,Xi Lai Gaming vs EDward Gaming,EDward Gaming,ban,Breeze
VCT 2026: China Kickoff,Main Event,Upper Round 3,Xi Lai Gaming vs EDward Gaming,Xi Lai Gaming,ban,Corrode
VCT 2026: China Kickoff,Main Event,Upper Round 3,Xi Lai Gaming vs EDward Gaming,EDward Gaming,pick,Split
VCT 2026: China Kickoff,Main Event,Upper Round 3,Xi Lai Gaming vs EDward Gaming,Xi Lai Gaming,pick,Pearl
VCT 2026: China Kickoff,Main Event,Upper Round 3,Xi Lai Gaming vs EDward Gaming,EDward Gaming,ban,Abyss
VCT 2026: China Kickoff,Main Event,Upper Round 3,Xi Lai Gaming vs EDward Gaming,Xi Lai Gaming,ban,Haven
VCT 2026: China Kickoff,Main Event,Lower Round 2,Trace Esports vs Wolves Esports,Trace Esports,ban,Pearl
VCT 2026: China Kickoff,Main Event,Lower Round 2,Trace Esports vs Wolves Esports,Wolves Esports,ban,Corrode
VCT 2026: China Kickoff,Main Event,Lower Round 2,Trace Esports vs Wolves Esports,Trace Esports,pick,Abyss
VCT 2026: China Kickoff,Main Event,Lower Round 2,Trace Esports vs Wolves Esports,Wolves Esports,pick,Bind
VCT 2026: China Kickoff,Main Event,Lower Round 2,Trace Esports vs Wolves Esports,Trace Esports,ban,Haven
VCT 2026: China Kickoff,Main Event,Lower Round 2,Trace Esports vs Wolves Esports,Wolves Esports,ban,Breeze
VCT 2026: China Kickoff,Main Event,Middle Round 3,Dragon Ranger Gaming vs TYLOO,Dragon Ranger Gaming,ban,Haven
VCT 2026: China Kickoff,Main Event,Middle Round 3,Dragon Ranger Gaming vs TYLOO,TYLOO,ban,Abyss
VCT 2026: China Kickoff,Main Event,Middle Round 3,Dragon Ranger Gaming vs TYLOO,Dragon Ranger Gaming,pick,Corrode
VCT 2026: China Kickoff,Main Event,Middle Round 3,Dragon Ranger Gaming vs TYLOO,TYLOO,pick,Split
VCT 2026: China Kickoff,Main Event,Middle Round 3,Dragon Ranger Gaming vs TYLOO,Dragon Ranger Gaming,ban,Bind
VCT 2026: China Kickoff,Main Event,Middle Round 3,Dragon Ranger Gaming vs TYLOO,TYLOO,ban,Breeze
VCT 2026: China Kickoff,Main Event,Lower Round 2,Titan Esports Club vs JDG Esports,JDG Esports,ban,Breeze
VCT 2026: China Kickoff,Main Event,Lower Round 2,Titan Esports Club vs JDG Esports,Titan Esports Club,ban,Pearl
VCT 2026: China Kickoff,Main Event,Lower Round 2,Titan Esports Club vs JDG Esports,JDG Esports,pick,Bind
VCT 2026: China Kickoff,Main Event,Lower Round 2,Titan Esports Club vs JDG Esports,Titan Esports Club,pick,Haven
VCT 2026: China Kickoff,Main Event,Lower Round 2,Titan Esports Club vs JDG Esports,JDG Esports,ban,Corrode
VCT 2026: China Kickoff,Main Event,Lower Round 2,Titan Esports Club vs JDG Esports,Titan Esports Club,ban,Abyss
VCT 2026: China Kickoff,Main Event,Middle Round 3,EDward Gaming vs Bilibili Gaming,Bilibili Gaming,ban,Corrode
VCT 2026: China Kickoff,Main Event,Middle Round 3,EDward Gaming vs Bilibili Gaming,EDward Gaming,ban,Pearl
VCT 2026: China Kickoff,Main Event,Middle Round 3,EDward Gaming vs Bilibili Gaming,Bilibili Gaming,pick,Abyss
VCT 2026: China Kickoff,Main Event,Middle Round 3,EDward Gaming vs Bilibili Gaming,EDward Gaming,pick,Haven
VCT 2026: China Kickoff,Main Event,Middle Round 3,EDward Gaming vs Bilibili Gaming,Bilibili Gaming,ban,Bind
VCT 2026: China Kickoff,Main Event,Middle Round 3,EDward Gaming vs Bilibili Gaming,EDward Gaming,ban,Split
VCT 2026: China Kickoff,Main Event,Lower Round 3,TYLOO vs Trace Esports,TYLOO,ban,Split
VCT 2026: China Kickoff,Main Event,Lower Round 3,TYLOO vs Trace Esports,Trace Esports,ban,Pearl
VCT 2026: China Kickoff,Main Event,Lower Round 3,TYLOO vs Trace Esports,TYLOO,pick,Haven
VCT 2026: China Kickoff,Main Event,Lower Round 3,TYLOO vs Trace Esports,Trace Esports,pick,Abyss
VCT 2026: China Kickoff,Main Event,Lower Round 3,TYLOO vs Trace Esports,TYLOO,ban,Corrode
VCT 2026: China Kickoff,Main Event,Lower Round 3,TYLOO vs Trace Esports,Trace Esports,ban,Bind
VCT 2026: China Kickoff,Main Event,Lower Round 3,EDward Gaming vs JDG Esports,JDG Esports,ban,Breeze
VCT 2026: China Kickoff,Main Event,Lower Round 3,EDward Gaming vs JDG Esports,EDward Gaming,ban,Pearl
VCT 2026: China Kickoff,Main Event,Lower Round 3,EDward Gaming vs JDG Esports,JDG Esports,pick,Abyss
VCT 2026: China Kickoff,Main Event,Lower Round 3,EDward Gaming vs JDG Esports,EDward Gaming,pick,Haven
VCT 2026: China Kickoff,Main Event,Lower Round 3,EDward Gaming vs JDG Esports,JDG Esports,ban,Bind
VCT 2026: China Kickoff,Main Event,Lower Round 3,EDward Gaming vs JDG Esports,EDward Gaming,ban,Split
VCT 2026: China Kickoff,Main Event,Middle Round 4,Dragon Ranger Gaming vs Bilibili Gaming,Dragon Ranger Gaming,ban,Haven
VCT 2026: China Kickoff,Main Event,Middle Round 4,Dragon Ranger Gaming vs Bilibili Gaming,Bilibili Gaming,ban,Corrode
VCT 2026: China Kickoff,Main Event,Middle Round 4,Dragon Ranger Gaming vs Bilibili Gaming,Dragon Ranger Gaming,pick,Split
VCT 2026: China Kickoff,Main Event,Middle Round 4,Dragon Ranger Gaming vs Bilibili Gaming,Bilibili Gaming,pick,Abyss
VCT 2026: China Kickoff,Main Event,Middle Round 4,Dragon Ranger Gaming vs Bilibili Gaming,Dragon Ranger Gaming,ban,Bind
VCT 2026: China Kickoff,Main Event,Middle Round 4,Dragon Ranger Gaming vs Bilibili Gaming,Bilibili Gaming,ban,Pearl
VCT 2026: China Kickoff,Main Event,Lower Round 4,TYLOO vs EDward Gaming,EDward Gaming,ban,Breeze
VCT 2026: China Kickoff,Main Event,Lower Round 4,TYLOO vs EDward Gaming,TYLOO,ban,Abyss
VCT 2026: China Kickoff,Main Event,Lower Round 4,TYLOO vs EDward Gaming,EDward Gaming,pick,Bind
VCT 2026: China Kickoff,Main Event,Lower Round 4,TYLOO vs EDward Gaming,TYLOO,pick,Haven
VCT 2026: China Kickoff,Main Event,Lower Round 4,TYLOO vs EDward Gaming,EDward Gaming,ban,Split
VCT 2026: China Kickoff,Main Event,Lower Round 4,TYLOO vs EDward Gaming,TYLOO,ban,Pearl
VCT 2026: China Kickoff,Main Event,Lower Round 5,Dragon Ranger Gaming vs EDward Gaming,EDward Gaming,ban,Breeze
VCT 2026: China Kickoff,Main Event,Lower Round 5,Dragon Ranger Gaming vs EDward Gaming,Dragon Ranger Gaming,ban,Abyss
VCT 2026: China Kickoff,Main Event,Lower Round 5,Dragon Ranger Gaming vs EDward Gaming,EDward Gaming,pick,Split
VCT 2026: China Kickoff,Main Event,Lower Round 5,Dragon Ranger Gaming vs EDward Gaming,Dragon Ranger Gaming,pick,Pearl
VCT 2026: China Kickoff,Main Event,Lower Round 5,Dragon Ranger Gaming vs EDward Gaming,EDward Gaming,ban,Bind
VCT 2026: China Kickoff,Main Event,Lower Round 5,Dragon Ranger Gaming vs EDward Gaming,Dragon Ranger Gaming,ban,Haven
VCT 2026: China Kickoff,Main Event,Upper Final,All Gamers vs Xi Lai Gaming,Xi Lai Gaming,ban,Corrode
VCT 2026: China Kickoff,Main Event,Upper Final,All Gamers vs Xi Lai Gaming,All Gamers,ban,Breeze
VCT 2026: China Kickoff,Main Event,Upper Final,All Gamers vs Xi Lai Gaming,Xi Lai Gaming,pick,Pearl
VCT 2026: China Kickoff,Main Event,Upper Final,All Gamers vs Xi Lai Gaming,All Gamers,pick,Split
VCT 2026: China Kickoff,Main Event,Upper Final,All Gamers vs Xi Lai Gaming,Xi Lai Gaming,pick,Bind
VCT 2026: China Kickoff,Main Event,Upper Final,All Gamers vs Xi Lai Gaming,All Gamers,pick,Abyss
VCT 2026: China Kickoff,Main Event,Middle Final,Xi Lai Gaming vs Bilibili Gaming,Bilibili Gaming,ban,Haven
VCT 2026: China Kickoff,Main Event,Middle Final,Xi Lai Gaming vs Bilibili Gaming,Xi Lai Gaming,ban,Corrode
VCT 2026: China Kickoff,Main Event,Middle Final,Xi Lai Gaming vs Bilibili Gaming,Bilibili Gaming,pick,Abyss
VCT 2026: China Kickoff,Main Event,Middle Final,Xi Lai Gaming vs Bilibili Gaming,Xi Lai Gaming,pick,Bind
VCT 2026: China Kickoff,Main Event,Middle Final,Xi Lai Gaming vs Bilibili Gaming,Bilibili Gaming,pick,Breeze
VCT 2026: China Kickoff,Main Event,Middle Final,Xi Lai Gaming vs Bilibili Gaming,Xi Lai Gaming,pick,Pearl
VCT 2026: China Kickoff,Main Event,Lower Final,Bilibili Gaming vs EDward Gaming,Bilibili Gaming,ban,Corrode
VCT 2026: China Kickoff,Main Event,Lower Final,Bilibili Gaming vs EDward Gaming,EDward Gaming,ban,Breeze
VCT 2026: China Kickoff,Main Event,Lower Final,Bilibili Gaming vs EDward Gaming,Bilibili Gaming,pick,Pearl
VCT 2026: China Kickoff,Main Event,Lower Final,Bilibili Gaming vs EDward Gaming,EDward Gaming,pick,Haven
VCT 2026: China Kickoff,Main Event,Lower Final,Bilibili Gaming vs EDward Gaming,Bilibili Gaming,pick,Abyss
VCT 2026: China Kickoff,Main Event,Lower Final,Bilibili Gaming vs EDward Gaming,EDward Gaming,pick,Split
