Tournament,Stage,Match Type,Match Name,Map
Valorant Masters Santiago 2026,Swiss Stage,Round 1,Gentle Mates vs EDward Gaming,Haven
Valorant Masters Santiago 2026,Swiss Stage,Round 1,Gentle Mates vs EDward Gaming,Pearl
Valorant Masters Santiago 2026,Swiss Stage,Round 1,Xi Lai Gaming vs NRG,Haven
Valorant Masters Santiago 2026,Swiss Stage,Round 1,Xi Lai Gaming vs NRG,Abyss
Valorant Masters Santiago 2026,Swiss Stage,Round 1,G2 Esports vs Paper Rex,Split
Valorant Masters Santiago 2026,Swiss Stage,Round 1,G2 Esports vs Paper Rex,Corrode
Valorant Masters Santiago 2026,Swiss Stage,Round 1,T1 vs Team Liquid,Breeze
Valorant Masters Santiago 2026,Swiss Stage,Round 1,T1 vs Team Liquid,Split
Valorant Masters Santiago 2026,Swiss Stage,Round 2 (1-0),Paper Rex vs NRG,Split
Valorant Masters Santiago 2026,Swiss Stage,Round 2 (1-0),Paper Rex vs NRG,Pearl
Valorant Masters Santiago 2026,Swiss Stage,Round 2 (1-0),Paper Rex vs NRG,Haven
Valorant Masters Santiago 2026,Swiss Stage,Round 2 (1-0),Gentle Mates vs Team Liquid,Pearl
Valorant Masters Santiago 2026,Swiss Stage,Round 2 (1-0),Gentle Mates vs Team Liquid,Bind
Valorant Masters Santiago 2026,Swiss Stage,Round 2 (0-1),EDward Gaming vs T1,Bind
Valorant Masters Santiago 2026,Swiss Stage,Round 2 (0-1),EDward Gaming vs T1,Haven
Valorant Masters Santiago 2026,Swiss Stage,Round 2 (0-1),Xi Lai Gaming vs G2 Esports,Abyss
Valorant Masters Santiago 2026,Swiss Stage,Round 2 (0-1),Xi Lai Gaming vs G2 Esports,Haven
Valorant Masters Santiago 2026,Swiss Stage,Round 3,NRG vs Team Liquid,Breeze
Valorant Masters Santiago 2026,Swiss Stage,Round 3,NRG vs Team Liquid,Abyss
Valorant Masters Santiago 2026,Swiss Stage,Round 3,G2 Esports vs T1,Breeze
Valorant Masters Santiago 2026,Swiss Stage,Round 3,G2 Esports vs T1,Haven
Valorant Masters Santiago 2026,Playoffs,Upper Quarterfinals,FURIA vs Paper Rex,Haven
Valorant Masters Santiago 2026,Playoffs,Upper Quarterfinals,FURIA vs Paper Rex,Breeze
Valorant Masters Santiago 2026,Playoffs,Upper Quarterfinals,FURIA vs Paper Rex,Split
Valorant Masters Santiago 2026,Playoffs,Upper Quarterfinals,Nongshim RedForce vs Gentle Mates,Haven
Valorant Masters Santiago 2026,Playoffs,Upper Quarterfinals,Nongshim RedForce vs Gentle Mates,Corrode
Valorant Masters Santiago 2026,Playoffs,Upper Quarterfinals,BBL Esports vs NRG,Pearl
Valorant Masters Santiago 2026,Playoffs,Upper Quarterfinals,BBL Esports vs NRG,Abyss
Valorant Masters Santiago 2026,Playoffs,Upper Quarterfinals,BBL Esports vs NRG,Split
Valorant Masters Santiago 2026,Playoffs,Upper Quarterfinals,All Gamers vs G2 Esports,Split
Valorant Masters Santiago 2026,Playoffs,Upper Quarterfinals,All Gamers vs G2 Esports,Abyss
Valorant Masters Santiago 2026,Playoffs,Lower Round 1,FURIA vs BBL Esports,Haven
Valorant Masters Santiago 2026,Playoffs,Lower Round 1,FURIA vs BBL Esports,Breeze
Valorant Masters Santiago 2026,Playoffs,Lower Round 1,FURIA vs BBL Esports,Abyss
Valorant Masters Santiago 2026,Playoffs,Lower Round 1,Gentle Mates vs All Gamers,Pearl
Valorant Masters Santiago 2026,Playoffs,Lower Round 1,Gentle Mates vs All Gamers,Split
Valorant Masters Santiago 2026,Playoffs,Lower Round 1,Gentle Mates vs All Gamers,Bind
Valorant Masters Santiago 2026,Playoffs,Upper Semifinals,Nongshim RedForce vs G2 Esports,Abyss
Valorant Masters Santiago 2026,Playoffs,Upper Semifinals,Nongshim RedForce vs G2 Esports,Corrode
Valorant Masters Santiago 2026,Playoffs,Upper Semifinals,Nongshim RedForce vs G2 Esports,Split
Valorant Masters Santiago 2026,Playoffs,Upper Semifinals,Paper Rex vs NRG,Pearl
Valorant Masters Santiago 2026,Playoffs,Upper Semifinals,Paper Rex vs NRG,Bind
Valorant Masters Santiago 2026,Playoffs,Lower Round 2,G2 Esports vs BBL Esports,Haven
Valorant Masters Santiago 2026,Playoffs,Lower Round 2,G2 Esports vs BBL Esports,Breeze
Valorant Masters Santiago 2026,Playoffs,Lower Round 2,Paper Rex vs All Gamers,Corrode
Valorant Masters Santiago 2026,Playoffs,Lower Round 2,Paper Rex vs All Gamers,Pearl
Valorant Masters Santiago 2026,Playoffs,Lower Round 2,Paper Rex vs All Gamers,Split
Valorant Masters Santiago 2026,Playoffs,Upper Final,Nongshim RedForce vs NRG,Bind
Valorant Masters Santiago 2026,Playoffs,Upper Final,Nongshim RedForce vs NRG,Abyss
Valorant Masters Santiago 2026,Playoffs,Lower Round 3,Paper Rex vs G2 Esports,Haven
Valorant Masters Santiago 2026,Playoffs,Lower Round 3,Paper Rex vs G2 Esports,Breeze
Valorant Masters Santiago 2026,Playoffs,Lower Round 3,Paper Rex vs G2 Esports,Corrode
Valorant Masters Santiago 2026,Playoffs,Lower Final,NRG vs Paper Rex,Pearl
Valorant Masters Santiago 2026,Playoffs,Lower Final,NRG vs Paper Rex,Split
Valorant Masters Santiago 2026,Playoffs,Lower Final,NRG vs Paper Rex,Corrode
Valorant Masters Santiago 2026,Playoffs,Lower Final,NRG vs Paper Rex,Breeze
Valorant Masters Santiago 2026,Playoffs,Grand Final,Nongshim RedForce vs Paper Rex,Corrode
Valorant Masters Santiago 2026,Playoffs,Grand Final,Nongshim RedForce vs Paper Rex,Split
Valorant Masters Santiago 2026,Playoffs,Grand Final,Nongshim RedForce vs Paper Rex,Abyss
VCT 2026: Americas Kickoff,Main Event,Upper Round 1,ENVY vs Evil Geniuses,Abyss
VCT 2026: Americas Kickoff,Main Event,Upper Round 1,ENVY vs Evil Geniuses,Corrode
VCT 2026: Americas Kickoff,Main Event,Upper Round 1,ENVY vs Evil Geniuses,Bind
VCT 2026: Americas Kickoff,Main Event,Upper Round 1,LOUD vs Cloud9,Haven
VCT 2026: Americas Kickoff,Main Event,Upper Round 1,LOUD vs Cloud9,Abyss
VCT 2026: Americas Kickoff,Main Event,Upper Round 1,KRÜ Esports vs FURIA,Pearl
VCT 2026: Americas Kickoff,Main Event,Upper Round 1,KRÜ Esports vs FURIA,Breeze
VCT 2026: Americas Kickoff,Main Event,Upper Round 1,KRÜ Esports vs FURIA,Abyss
VCT 2026: Americas Kickoff,Main Event,Upper Round 1,100 Thieves vs LEVIATÁN,Bind
VCT 2026: Americas Kickoff,Main Event,Upper Round 1,100 Thieves vs LEVIATÁN,Pearl
VCT 2026: Americas Kickoff,Main Event,Upper Round 1,100 Thieves vs LEVIATÁN,Split
VCT 2026: Americas Kickoff,Main Event,Upper Round 2,NRG vs Cloud9,Pearl
VCT 2026: Americas Kickoff,Main Event,Upper Round 2,NRG vs Cloud9,Breeze
VCT 2026: Americas Kickoff,Main Event,Upper Round 2,MIBR vs ENVY,Abyss
VCT 2026: Americas Kickoff,Main Event,Upper Round 2,MIBR vs ENVY,Corrode
VCT 2026: Americas Kickoff,Main Event,Upper Round 2,Sentinels vs FURIA,Split
VCT 2026: Americas Kickoff,Main Event,Upper Round 2,Sentinels vs FURIA,Breeze
VCT 2026: Americas Kickoff,Main Event,Upper Round 2,G2 Esports vs 100 Thieves,Bind
VCT 2026: Americas Kickoff,Main Event,Upper Round 2,G2 Esports vs 100 Thieves,Corrode
VCT 2026: Americas Kickoff,Main Event,Upper Round 2,G2 Esports vs 100 Thieves,Split
VCT 2026: Americas Kickoff,Main Event,Middle Round 1,LOUD vs 100 Thieves,Breeze
VCT 2026: Americas Kickoff,Main Event,Middle Round 1,LOUD vs 100 Thieves,Pearl
VCT 2026: Americas Kickoff,Main Event,Middle Round 1,LOUD vs 100 Thieves,Bind
VCT 2026: Americas Kickoff,Main Event,Middle Round 1,Evil Geniuses vs Sentinels,Abyss
VCT 2026: Americas Kickoff,Main Event,Middle Round 1,Evil Geniuses vs Sentinels,Pearl
VCT 2026: Americas Kickoff,Main Event,Middle Round 1,KRÜ Esports vs ENVY,Abyss
VCT 2026: Americas Kickoff,Main Event,Middle Round 1,KRÜ Esports vs ENVY,Pearl
VCT 2026: Americas Kickoff,Main Event,Middle Round 1,KRÜ Esports vs ENVY,Breeze
VCT 2026: Americas Kickoff,Main Event,Middle Round 1,LEVIATÁN vs Cloud9,Pearl
VCT 2026: Americas Kickoff,Main Event,Middle Round 1,LEVIATÁN vs Cloud9,Split
VCT 2026: Americas Kickoff,Main Event,Middle Round 2,100 Thieves vs Sentinels,Corrode
VCT 2026: Americas Kickoff,Main Event,Middle Round 2,100 Thieves vs Sentinels,Split
VCT 2026: Americas Kickoff,Main Event,Middle Round 2,ENVY vs Cloud9,Pearl
VCT 2026: Americas Kickoff,Main Event,Middle Round 2,ENVY vs Cloud9,Breeze
VCT 2026: Americas Kickoff,Main Event,Middle Round 2,ENVY vs Cloud9,Split
VCT 2026: Americas Kickoff,Main Event,Upper Round 3,NRG vs MIBR,Abyss
VCT 2026: Americas Kickoff,Main Event,Upper Round 3,NRG vs MIBR,Split
VCT 2026: Americas Kickoff,Main Event,Upper Round 3,NRG vs MIBR,Breeze
VCT 2026: Americas Kickoff,Main Event,Upper Round 3,FURIA vs G2 Esports,Abyss
VCT 2026: Americas Kickoff,Main Event,Upper Round 3,FURIA vs G2 Esports,Bind
VCT 2026: Americas Kickoff,Main Event,Upper Round 3,FURIA vs G2 Esports,Split
VCT 2026: Americas Kickoff,Main Event,Lower Round 1,LOUD vs Evil Geniuses,Haven
VCT 2026: Americas Kickoff,Main Event,Lower Round 1,LOUD vs Evil Geniuses,Abyss
VCT 2026: Americas Kickoff,Main Event,Lower Round 1,KRÜ Esports vs LEVIATÁN,Bind
VCT 2026: Americas Kickoff,Main Event,Lower Round 1,KRÜ Esports vs LEVIATÁN,Split
VCT 2026: Americas Kickoff,Main Event,Middle Round 3,NRG vs 100 Thieves,Haven
VCT 2026: Americas Kickoff,Main Event,Middle Round 3,NRG vs 100 Thieves,Corrode
VCT 2026: Americas Kickoff,Main Event,Middle Round 3,G2 Esports vs Cloud9,Corrode
VCT 2026: Americas Kickoff,Main Event,Middle Round 3,G2 Esports vs Cloud9,Bind
VCT 2026: Americas Kickoff,Main Event,Lower Round 2,ENVY vs Evil Geniuses,Pearl
VCT 2026: Americas Kickoff,Main Event,Lower Round 2,ENVY vs Evil Geniuses,Corrode
VCT 2026: Americas Kickoff,Main Event,Lower Round 2,Sentinels vs LEVIATÁN,Corrode
VCT 2026: Americas Kickoff,Main Event,Lower Round 2,Sentinels vs LEVIATÁN,Bind
VCT 2026: Americas Kickoff,Main Event,Lower Round 3,100 Thieves vs Evil Geniuses,Haven
VCT 2026: Americas Kickoff,Main Event,Lower Round 3,100 Thieves vs Evil Geniuses,Bind
VCT 2026: Americas Kickoff,Main Event,Lower Round 3,Cloud9 vs LEVIATÁN,Bind
VCT 2026: Americas Kickoff,Main Event,Lower Round 3,Cloud9 vs LEVIATÁN,Breeze
VCT 2026: Americas Kickoff,Main Event,Middle Round 4,NRG vs G2 Esports,Pearl
VCT 2026: Americas Kickoff,Main Event,Middle Round 4,NRG vs G2 Esports,Split
VCT 2026: Americas Kickoff,Main Event,Lower Round 4,100 Thieves vs Cloud9,Pearl
VCT 2026: Americas Kickoff,Main Event,Lower Round 4,100 Thieves vs Cloud9,Split
VCT 2026: Americas Kickoff,Main Event,Lower Round 4,100 Thieves vs Cloud9,Abyss
VCT 2026: Americas Kickoff,Main Event,Upper Final,MIBR vs FURIA,Bind
VCT 2026: Americas Kickoff,Main Event,Upper Final,MIBR vs FURIA,Abyss
VCT 2026: Americas Kickoff,Main Event,Upper Final,MIBR vs FURIA,Haven
VCT 2026: Americas Kickoff,Main Event,Upper Final,MIBR vs FURIA,Breeze
VCT 2026: Americas Kickoff,Main Event,Upper Final,MIBR vs FURIA,Split
VCT 2026: Americas Kickoff,Main Event,Lower Round 5,NRG vs 100 Thieves,Pearl
VCT 2026: Americas Kickoff,Main Event,Lower Round 5,NRG vs 100 Thieves,Abyss
VCT 2026: Americas Kickoff,Main Event,Middle Final,MIBR vs G2 Esports,Breeze
VCT 2026: Americas Kickoff,Main Event,Middle Final,MIBR vs G2 Esports,Haven
VCT 2026: Americas Kickoff,Main Event,Middle Final,MIBR vs G2 Esports,Corrode
VCT 2026: Americas Kickoff,Main Event,Lower Final,MIBR vs NRG,Bind
VCT 2026: Americas Kickoff,Main Event,Lower Final,MIBR vs NRG,Corrode
VCT 2026: Americas Kickoff,Main Event,Lower Final,MIBR vs NRG,Split
VCT 2026: Americas Kickoff,Main Event,Lower Final,MIBR vs NRG,Abyss
VCT 2026: Americas Kickoff,Main Event,Lower Final,MIBR vs NRG,Haven
VCT 2026: EMEA Kickoff,Main Event,Upper Round 1,Natus Vincere vs Karmine Corp,Split
VCT 2026: EMEA Kickoff,Main Event,Upper Round 1,Natus Vincere vs Karmine Corp,Haven
VCT 2026: EMEA Kickoff,Main Event,Upper Round 1,FUT Esports vs Gentle Mates,Abyss
VCT 2026: EMEA Kickoff,Main Event,Upper Round 1,FUT Esports vs Gentle Mates,Split
VCT 2026: EMEA Kickoff,Main Event,Upper Round 1,PCIFIC Esports vs BBL Esports,Breeze
VCT 2026: EMEA Kickoff,Main Event,Upper Round 1,PCIFIC Esports vs BBL Esports,Abyss
VCT 2026: EMEA Kickoff,Main Event,Upper Round 1,PCIFIC Esports vs BBL Esports,Pearl
VCT 2026: EMEA Kickoff,Main Event,Upper Round 1,ULF Esports vs Team Vitality,Breeze
VCT 2026: EMEA Kickoff,Main Event,Upper Round 1,ULF Esports vs Team Vitality,Corrode
VCT 2026: EMEA Kickoff,Main Event,Upper Round 2,Team Heretics vs Natus Vincere,Bind
VCT 2026: EMEA Kickoff,Main Event,Upper Round 2,Team Heretics vs Natus Vincere,Haven
VCT 2026: EMEA Kickoff,Main Event,Upper Round 2,Team Heretics vs Natus Vincere,Split
VCT 2026: EMEA Kickoff,Main Event,Upper Round 2,GIANTX vs Gentle Mates,Pearl
VCT 2026: EMEA Kickoff,Main Event,Upper Round 2,GIANTX vs Gentle Mates,Bind
VCT 2026: EMEA Kickoff,Main Event,Upper Round 2,FNATIC vs BBL Esports,Breeze
VCT 2026: EMEA Kickoff,Main Event,Upper Round 2,FNATIC vs BBL Esports,Haven
VCT 2026: EMEA Kickoff,Main Event,Upper Round 2,Team Liquid vs Team Vitality,Breeze
VCT 2026: EMEA Kickoff,Main Event,Upper Round 2,Team Liquid vs Team Vitality,Pearl
VCT 2026: EMEA Kickoff,Main Event,Upper Round 2,Team Liquid vs Team Vitality,Corrode
VCT 2026: EMEA Kickoff,Main Event,Middle Round 1,Karmine Corp vs Team Liquid,Abyss
VCT 2026: EMEA Kickoff,Main Event,Middle Round 1,Karmine Corp vs Team Liquid,Split
VCT 2026: EMEA Kickoff,Main Event,Middle Round 1,Karmine Corp vs Team Liquid,Breeze
VCT 2026: EMEA Kickoff,Main Event,Middle Round 1,FUT Esports vs FNATIC,Abyss
VCT 2026: EMEA Kickoff,Main Event,Middle Round 1,FUT Esports vs FNATIC,Corrode
VCT 2026: EMEA Kickoff,Main Event,Middle Round 1,FUT Esports vs FNATIC,Split
VCT 2026: EMEA Kickoff,Main Event,Middle Round 1,PCIFIC Esports vs GIANTX,Abyss
VCT 2026: EMEA Kickoff,Main Event,Middle Round 1,PCIFIC Esports vs GIANTX,Bind
VCT 2026: EMEA Kickoff,Main Event,Middle Round 1,PCIFIC Esports vs GIANTX,Split
VCT 2026: EMEA Kickoff,Main Event,Middle Round 1,ULF Esports vs Team Heretics,Haven
VCT 2026: EMEA Kickoff,Main Event,Middle Round 1,ULF Esports vs Team Heretics,Bind
VCT 2026: EMEA Kickoff,Main Event,Upper Round 3,Natus Vincere vs Gentle Mates,Abyss
VCT 2026: EMEA Kickoff,Main Event,Upper Round 3,Natus Vincere vs Gentle Mates,Bind
VCT 2026: EMEA Kickoff,Main Event,Upper Round 3,BBL Esports vs Team Vitality,Haven
VCT 2026: EMEA Kickoff,Main Event,Upper Round 3,BBL Esports vs Team Vitality,Abyss
VCT 2026: EMEA Kickoff,Main Event,Middle Round 2,Team Liquid vs FNATIC,Corrode
VCT 2026: EMEA Kickoff,Main Event,Middle Round 2,Team Liquid vs FNATIC,Split
VCT 2026: EMEA Kickoff,Main Event,Middle Round 2,GIANTX vs Team Heretics,Abyss
VCT 2026: EMEA Kickoff,Main Event,Middle Round 2,GIANTX vs Team Heretics,Haven
VCT 2026: EMEA Kickoff,Main Event,Lower Round 1,Karmine Corp vs FUT Esports,Haven
VCT 2026: EMEA Kickoff,Main Event,Lower Round 1,Karmine Corp vs FUT Esports,Split
VCT 2026: EMEA Kickoff,Main Event,Lower Round 1,Karmine Corp vs FUT Esports,Pearl
VCT 2026: EMEA Kickoff,Main Event,Lower Round 1,PCIFIC Esports vs ULF Esports,Split
VCT 2026: EMEA Kickoff,Main Event,Lower Round 1,PCIFIC Esports vs ULF Esports,Abyss
VCT 2026: EMEA Kickoff,Main Event,Middle Round 3,Natus Vincere vs FNATIC,Split
VCT 2026: EMEA Kickoff,Main Event,Middle Round 3,Natus Vincere vs FNATIC,Breeze
VCT 2026: EMEA Kickoff,Main Event,Middle Round 3,Natus Vincere vs FNATIC,Bind
VCT 2026: EMEA Kickoff,Main Event,Middle Round 3,Team Vitality vs GIANTX,Abyss
VCT 2026: EMEA Kickoff,Main Event,Middle Round 3,Team Vitality vs GIANTX,Breeze
VCT 2026: EMEA Kickoff,Main Event,Lower Round 2,Team Heretics vs Karmine Corp,Abyss
VCT 2026: EMEA Kickoff,Main Event,Lower Round 2,Team Heretics vs Karmine Corp,Haven
VCT 2026: EMEA Kickoff,Main Event,Lower Round 2,Team Heretics vs Karmine Corp,Corrode
VCT 2026: EMEA Kickoff,Main Event,Lower Round 2,Team Liquid vs ULF Esports,Split
VCT 2026: EMEA Kickoff,Main Event,Lower Round 2,Team Liquid vs ULF Esports,Breeze
VCT 2026: EMEA Kickoff,Main Event,Lower Round 2,Team Liquid vs ULF Esports,Pearl
VCT 2026: EMEA Kickoff,Main Event,Lower Round 3,Natus Vincere vs Team Heretics,Haven
VCT 2026: EMEA Kickoff,Main Event,Lower Round 3,Natus Vincere vs Team Heretics,Breeze
VCT 2026: EMEA Kickoff,Main Event,Lower Round 3,GIANTX vs Team Liquid,Breeze
VCT 2026: EMEA Kickoff,Main Event,Lower Round 3,GIANTX vs Team Liquid,Pearl
VCT 2026: EMEA Kickoff,Main Event,Lower Round 3,GIANTX vs Team Liquid,Bind
VCT 2026: EMEA Kickoff,Main Event,Lower Round 4,Team Heretics vs Team Liquid,Abyss
VCT 2026: EMEA Kickoff,Main Event,Lower Round 4,Team Heretics vs Team Liquid,Bind
VCT 2026: EMEA Kickoff,Main Event,Middle Round 4,FNATIC vs Team Vitality,Abyss
VCT 2026: EMEA Kickoff,Main Event,Middle Round 4,FNATIC vs Team Vitality,Bind
VCT 2026: EMEA Kickoff,Main Event,Upper Final,Gentle Mates vs BBL Esports,Haven
VCT 2026: EMEA Kickoff,Main Event,Upper Final,Gentle Mates vs BBL Esports,Abyss
VCT 2026: EMEA Kickoff,Main Event,Upper Final,Gentle Mates vs BBL Esports,Pearl
VCT 2026: EMEA Kickoff,Main Event,Upper Final,Gentle Mates vs BBL Esports,Split
VCT 2026: EMEA Kickoff,Main Event,Upper Final,Gentle Mates vs BBL Esports,Corrode
VCT 2026: EMEA Kickoff,Main Event,Lower Round 5,Team Vitality vs Team Liquid,Corrode
VCT 2026: EMEA Kickoff,Main Event,Lower Round 5,Team Vitality vs Team Liquid,Bind
VCT 2026: EMEA Kickoff,Main Event,Lower Round 5,Team Vitality vs Team Liquid,Breeze
VCT 2026: EMEA Kickoff,Main Event,Middle Final,Gentle Mates vs FNATIC,Abyss
VCT 2026: EMEA Kickoff,Main Event,Middle Final,Gentle Mates vs FNATIC,Corrode
VCT 2026: EMEA Kickoff,Main Event,Middle Final,Gentle Mates vs FNATIC,Split
VCT 2026: EMEA Kickoff,Main Event,Middle Final,Gentle Mates vs FNATIC,Bind
VCT 2026: EMEA Kickoff,Main Event,Middle Final,Gentle Mates vs FNATIC,Haven
VCT 2026: EMEA Kickoff,Main Event,Lower Final,FNATIC vs Team Liquid,Corrode
VCT 2026: EMEA Kickoff,Main Event,Lower Final,FNATIC vs Team Liquid,Bind
VCT 2026: EMEA Kickoff,Main Event,Lower Final,FNATIC vs Team Liquid,Abyss
VCT 2026: Pacific Kickoff,Main Event,Upper Round 1,Nongshim RedForce vs Team Secret,Haven
VCT 2026: Pacific Kickoff,Main Event,Upper Round 1,Nongshim RedForce vs Team Secret,Split
VCT 2026: Pacific Kickoff,Main Event,Upper Round 1,ZETA DIVISION vs FULL SENSE,Corrode
VCT 2026: Pacific Kickoff,Main Event,Upper Round 1,ZETA DIVISION vs FULL SENSE,Split
VCT 2026: Pacific Kickoff,Main Event,Upper Round 1,VARREL vs Global Esports,Split
VCT 2026: Pacific Kickoff,Main Event,Upper Round 1,VARREL vs Global Esports,Abyss
VCT 2026: Pacific Kickoff,Main Event,Upper Round 1,DetonatioN FocusMe vs Gen.G,Abyss
VCT 2026: Pacific Kickoff,Main Event,Upper Round 1,DetonatioN FocusMe vs Gen.G,Pearl
VCT 2026: Pacific Kickoff,Main Event,Upper Round 2,T1 vs Nongshim RedForce,Split
VCT 2026: Pacific Kickoff,Main Event,Upper Round 2,T1 vs Nongshim RedForce,Haven
VCT 2026: Pacific Kickoff,Main Event,Upper Round 2,T1 vs Nongshim RedForce,Corrode
VCT 2026: Pacific Kickoff,Main Event,Upper Round 2,DRX vs FULL SENSE,Breeze
VCT 2026: Pacific Kickoff,Main Event,Upper Round 2,DRX vs FULL SENSE,Pearl
VCT 2026: Pacific Kickoff,Main Event,Upper Round 2,DRX vs FULL SENSE,Split
VCT 2026: Pacific Kickoff,Main Event,Upper Round 2,Paper Rex vs Global Esports,Breeze
VCT 2026: Pacific Kickoff,Main Event,Upper Round 2,Paper Rex vs Global Esports,Split
VCT 2026: Pacific Kickoff,Main Event,Upper Round 2,Paper Rex vs Global Esports,Bind
VCT 2026: Pacific Kickoff,Main Event,Upper Round 2,Rex Regum Qeon vs DetonatioN FocusMe,Haven
VCT 2026: Pacific Kickoff,Main Event,Upper Round 2,Rex Regum Qeon vs DetonatioN FocusMe,Corrode
VCT 2026: Pacific Kickoff,Main Event,Middle Round 1,Team Secret vs DetonatioN FocusMe,Split
VCT 2026: Pacific Kickoff,Main Event,Middle Round 1,Team Secret vs DetonatioN FocusMe,Bind
VCT 2026: Pacific Kickoff,Main Event,Middle Round 1,ZETA DIVISION vs Global Esports,Haven
VCT 2026: Pacific Kickoff,Main Event,Middle Round 1,ZETA DIVISION vs Global Esports,Abyss
VCT 2026: Pacific Kickoff,Main Event,Middle Round 1,VARREL vs DRX,Corrode
VCT 2026: Pacific Kickoff,Main Event,Middle Round 1,VARREL vs DRX,Split
VCT 2026: Pacific Kickoff,Main Event,Middle Round 1,VARREL vs DRX,Bind
VCT 2026: Pacific Kickoff,Main Event,Middle Round 1,Gen.G vs T1,Breeze
VCT 2026: Pacific Kickoff,Main Event,Middle Round 1,Gen.G vs T1,Bind
VCT 2026: Pacific Kickoff,Main Event,Middle Round 1,Gen.G vs T1,Haven
VCT 2026: Pacific Kickoff,Main Event,Upper Round 3,Nongshim RedForce vs FULL SENSE,Split
VCT 2026: Pacific Kickoff,Main Event,Upper Round 3,Nongshim RedForce vs FULL SENSE,Bind
VCT 2026: Pacific Kickoff,Main Event,Upper Round 3,Paper Rex vs Rex Regum Qeon,Bind
VCT 2026: Pacific Kickoff,Main Event,Upper Round 3,Paper Rex vs Rex Regum Qeon,Pearl
VCT 2026: Pacific Kickoff,Main Event,Middle Round 2,DetonatioN FocusMe vs Global Esports,Breeze
VCT 2026: Pacific Kickoff,Main Event,Middle Round 2,DetonatioN FocusMe vs Global Esports,Pearl
VCT 2026: Pacific Kickoff,Main Event,Middle Round 2,DetonatioN FocusMe vs Global Esports,Split
VCT 2026: Pacific Kickoff,Main Event,Middle Round 2,DRX vs T1,Split
VCT 2026: Pacific Kickoff,Main Event,Middle Round 2,DRX vs T1,Bind
VCT 2026: Pacific Kickoff,Main Event,Lower Round 1,Team Secret vs ZETA DIVISION,Bind
VCT 2026: Pacific Kickoff,Main Event,Lower Round 1,Team Secret vs ZETA DIVISION,Split
VCT 2026: Pacific Kickoff,Main Event,Lower Round 1,Team Secret vs ZETA DIVISION,Abyss
VCT 2026: Pacific Kickoff,Main Event,Lower Round 1,VARREL vs Gen.G,Breeze
VCT 2026: Pacific Kickoff,Main Event,Lower Round 1,VARREL vs Gen.G,Pearl
VCT 2026: Pacific Kickoff,Main Event,Lower Round 1,VARREL vs Gen.G,Haven
VCT 2026: Pacific Kickoff,Main Event,Middle Round 3,FULL SENSE vs DetonatioN FocusMe,Pearl
VCT 2026: Pacific Kickoff,Main Event,Middle Round 3,FULL SENSE vs DetonatioN FocusMe,Split
VCT 2026: Pacific Kickoff,Main Event,Middle Round 3,FULL SENSE vs DetonatioN FocusMe,Haven
VCT 2026: Pacific Kickoff,Main Event,Middle Round 3,Paper Rex vs T1,Pearl
VCT 2026: Pacific Kickoff,Main Event,Middle Round 3,Paper Rex vs T1,Breeze
VCT 2026: Pacific Kickoff,Main Event,Middle Round 3,Paper Rex vs T1,Bind
VCT 2026: Pacific Kickoff,Main Event,Lower Round 2,DRX vs ZETA DIVISION,Haven
VCT 2026: Pacific Kickoff,Main Event,Lower Round 2,DRX vs ZETA DIVISION,Bind
VCT 2026: Pacific Kickoff,Main Event,Lower Round 2,DRX vs ZETA DIVISION,Split
VCT 2026: Pacific Kickoff,Main Event,Lower Round 2,Global Esports vs Gen.G,Breeze
VCT 2026: Pacific Kickoff,Main Event,Lower Round 2,Global Esports vs Gen.G,Abyss
VCT 2026: Pacific Kickoff,Main Event,Lower Round 2,Global Esports vs Gen.G,Haven
VCT 2026: Pacific Kickoff,Main Event,Lower Round 3,FULL SENSE vs DRX,Corrode
VCT 2026: Pacific Kickoff,Main Event,Lower Round 3,FULL SENSE vs DRX,Abyss
VCT 2026: Pacific Kickoff,Main Event,Lower Round 3,Paper Rex vs Global Esports,Corrode
VCT 2026: Pacific Kickoff,Main Event,Lower Round 3,Paper Rex vs Global Esports,Breeze
VCT 2026: Pacific Kickoff,Main Event,Lower Round 3,Paper Rex vs Global Esports,Split
VCT 2026: Pacific Kickoff,Main Event,Lower Round 4,DRX vs Paper Rex,Haven
VCT 2026: Pacific Kickoff,Main Event,Lower Round 4,DRX vs Paper Rex,Corrode
VCT 2026: Pacific Kickoff,Main Event,Lower Round 4,DRX vs Paper Rex,Breeze
VCT 2026: Pacific Kickoff,Main Event,Middle Round 4,DetonatioN FocusMe vs T1,Pearl
VCT 2026: Pacific Kickoff,Main Event,Middle Round 4,DetonatioN FocusMe vs T1,Split
VCT 2026: Pacific Kickoff,Main Event,Upper Final,Nongshim RedForce vs Rex Regum Qeon,Corrode
VCT 2026: Pacific Kickoff,Main Event,Upper Final,Nongshim RedForce vs Rex Regum Qeon,Bind
VCT 2026: Pacific Kickoff,Main Event,Upper Final,Nongshim RedForce vs Rex Regum Qeon,Haven
VCT 2026: Pacific Kickoff,Main Event,Upper Final,Nongshim RedForce vs Rex Regum Qeon,Abyss
VCT 2026: Pacific Kickoff,Main Event,Upper Final,Nongshim RedForce vs Rex Regum Qeon,Breeze
VCT 2026: Pacific Kickoff,Main Event,Lower Round 5,DetonatioN FocusMe vs Paper Rex,Haven
VCT 2026: Pacific Kickoff,Main Event,Lower Round 5,DetonatioN FocusMe vs Paper Rex,Split
VCT 2026: Pacific Kickoff,Main Event,Middle Final,Rex Regum Qeon vs T1,Pearl
VCT 2026: Pacific Kickoff,Main Event,Middle Final,Rex Regum Qeon vs T1,Breeze
VCT 2026: Pacific Kickoff,Main Event,Middle Final,Rex Regum Qeon vs T1,Abyss
VCT 2026: Pacific Kickoff,Main Event,Lower Final,Rex Regum Qeon vs Paper Rex,Haven
VCT 2026: Pacific Kickoff,Main Event,Lower Final,Rex Regum Qeon vs Paper Rex,Corrode
VCT 2026: Pacific Kickoff,Main Event,Lower Final,Rex Regum Qeon vs Paper Rex,Breeze
VCT 2026: Pacific Kickoff,Main Event,Lower Final,Rex Regum Qeon vs Paper Rex,Pearl
VCT 2026: China Kickoff,Main Event,Upper Round 1,Trace Esports vs Wolves Esports,Abyss
VCT 2026: China Kickoff,Main Event,Upper Round 1,Trace Esports vs Wolves Esports,Haven
VCT 2026: China Kickoff,Main Event,Upper Round 1,Trace Esports vs Wolves Esports,Bind
VCT 2026: China Kickoff,Main Event,Upper Round 1,FunPlus Phoenix vs TYLOO,Pearl
VCT 2026: China Kickoff,Main Event,Upper Round 1,FunPlus Phoenix vs TYLOO,Haven
VCT 2026: China Kickoff,Main Event,Upper Round 1,All Gamers vs Nova Esports,Split
VCT 2026: China Kickoff,Main Event,Upper Round 1,All Gamers vs Nova Esports,Pearl
VCT 2026: China Kickoff,Main Event,Upper Round 1,JDG Esports vs Titan Esports Club,Corrode
VCT 2026: China Kickoff,Main Event,Upper Round 1,JDG Esports vs Titan Esports Club,Haven
VCT 2026: China Kickoff,Main Event,Upper Round 1,JDG Esports vs Titan Esports Club,Abyss
VCT 2026: China Kickoff,Main Event,Upper Round 2,Xi Lai Gaming vs Wolves Esports,Breeze
VCT 2026: China Kickoff,Main Event,Upper Round 2,Xi Lai Gaming vs Wolves Esports,Abyss
VCT 2026: China Kickoff,Main Event,Upper Round 2,EDward Gaming vs TYLOO,Abyss
VCT 2026: China Kickoff,Main Event,Upper Round 2,EDward Gaming vs TYLOO,Bind
VCT 2026: China Kickoff,Main Event,Upper Round 2,Bilibili Gaming vs All Gamers,Split
VCT 2026: China Kickoff,Main Event,Upper Round 2,Bilibili Gaming vs All Gamers,Abyss
VCT 2026: China Kickoff,Main Event,Upper Round 2,Dragon Ranger Gaming vs JDG Esports,Abyss
VCT 2026: China Kickoff,Main Event,Upper Round 2,Dragon Ranger Gaming vs JDG Esports,Breeze
VCT 2026: China Kickoff,Main Event,Upper Round 2,Dragon Ranger Gaming vs JDG Esports,Corrode
VCT 2026: China Kickoff,Main Event,Middle Round 1,Nova Esports vs TYLOO,Split
VCT 2026: China Kickoff,Main Event,Middle Round 1,Nova Esports vs TYLOO,Corrode
VCT 2026: China Kickoff,Main Event,Middle Round 1,Titan Esports Club vs Wolves Esports,Breeze
VCT 2026: China Kickoff,Main Event,Middle Round 1,Titan Esports Club vs Wolves Esports,Bind
VCT 2026: China Kickoff,Main Event,Middle Round 1,Titan Esports Club vs Wolves Esports,Haven
VCT 2026: China Kickoff,Main Event,Middle Round 1,Trace Esports vs JDG Esports,Split
VCT 2026: China Kickoff,Main Event,Middle Round 1,Trace Esports vs JDG Esports,Pearl
VCT 2026: China Kickoff,Main Event,Middle Round 1,Trace Esports vs JDG Esports,Corrode
VCT 2026: China Kickoff,Main Event,Middle Round 1,FunPlus Phoenix vs Bilibili Gaming,Pearl
VCT 2026: China Kickoff,Main Event,Middle Round 1,FunPlus Phoenix vs Bilibili Gaming,Bind
VCT 2026: China Kickoff,Main Event,Middle Round 2,TYLOO vs Titan Esports Club,Corrode
VCT 2026: China Kickoff,Main Event,Middle Round 2,TYLOO vs Titan Esports Club,Breeze
VCT 2026: China Kickoff,Main Event,Middle Round 2,TYLOO vs Titan Esports Club,Split
VCT 2026: China Kickoff,Main Event,Middle Round 2,Trace Esports vs Bilibili Gaming,Abyss
VCT 2026: China Kickoff,Main Event,Middle Round 2,Trace Esports vs Bilibili Gaming,Breeze
VCT 2026: China Kickoff,Main Event,Lower Round 1,Nova Esports vs Wolves Esports,Abyss
VCT 2026: China Kickoff,Main Event,Lower Round 1,Nova Esports vs Wolves Esports,Haven
VCT 2026: China Kickoff,Main Event,Lower Round 1,Nova Esports vs Wolves Esports,Pearl
VCT 2026: China Kickoff,Main Event,Upper Round 3,All Gamers vs Dragon Ranger Gaming,Corrode
VCT 2026: China Kickoff,Main Event,Upper Round 3,All Gamers vs Dragon Ranger Gaming,Bind
VCT 2026: China Kickoff,Main Event,Upper Round 3,All Gamers vs Dragon Ranger Gaming,Abyss
VCT 2026: China Kickoff,Main Event,Lower Round 1,JDG Esports vs FunPlus Phoenix,Pearl
VCT 2026: China Kickoff,Main Event,Lower Round 1,JDG Esports vs FunPlus Phoenix,Bind
VCT 2026: China Kickoff,Main Event,Lower Round 1,JDG Esports vs FunPlus Phoenix,Haven
VCT 2026: China Kickoff,Main Event,Upper Round 3,Xi Lai Gaming vs EDward Gaming,Split
VCT 2026: China Kickoff,Main Event,Upper Round 3,Xi Lai Gaming vs EDward Gaming,Pearl
VCT 2026: China Kickoff,Main Event,Lower Round 2,Trace Esports vs Wolves Esports,Abyss
VCT 2026: China Kickoff,Main Event,Lower Round 2,Trace Esports vs Wolves Esports,Bind
VCT 2026: China Kickoff,Main Event,Lower Round 2,Trace Esports vs Wolves Esports,Split
VCT 2026: China Kickoff,Main Event,Middle Round 3,Dragon Ranger Gaming vs TYLOO,Corrode
VCT 2026: China Kickoff,Main Event,Middle Round 3,Dragon Ranger Gaming vs TYLOO,Split
VCT 2026: China Kickoff,Main Event,Middle Round 3,Dragon Ranger Gaming vs TYLOO,Pearl
VCT 2026: China Kickoff,Main Event,Lower Round 2,Titan Esports Club vs JDG Esports,Bind
VCT 2026: China Kickoff,Main Event,Lower Round 2,Titan Esports Club vs JDG Esports,Haven
VCT 2026: China Kickoff,Main Event,Lower Round 2,Titan Esports Club vs JDG Esports,Split
VCT 2026: China Kickoff,Main Event,Middle Round 3,EDward Gaming vs Bilibili Gaming,Abyss
VCT 2026: China Kickoff,Main Event,Middle Round 3,EDward Gaming vs Bilibili Gaming,Haven
VCT 2026: China Kickoff,Main Event,Middle Round 3,EDward Gaming vs Bilibili Gaming,Breeze
VCT 2026: China Kickoff,Main Event,Lower Round 3,TYLOO vs Trace Esports,Haven
VCT 2026: China Kickoff,Main Event,Lower Round 3,TYLOO vs Trace Esports,Abyss
VCT 2026: China Kickoff,Main Event,Lower Round 3,EDward Gaming vs JDG Esports,Abyss
VCT 2026: China Kickoff,Main Event,Lower Round 3,EDward Gaming vs JDG Esports,Haven
VCT 2026: China Kickoff,Main Event,Lower Round 3,EDward Gaming vs JDG Esports,Corrode
VCT 2026: China Kickoff,Main Event,Middle Round 4,Dragon Ranger Gaming vs Bilibili Gaming,Split
VCT 2026: China Kickoff,Main Event,Middle Round 4,Dragon Ranger Gaming vs Bilibili Gaming,Abyss
VCT 2026: China Kickoff,Main Event,Lower Round 4,TYLOO vs EDward Gaming,Bind
VCT 2026: China Kickoff,Main Event,Lower Round 4,TYLOO vs EDward Gaming,Haven
VCT 2026: China Kickoff,Main Event,Lower Round 4,TYLOO vs EDward Gaming,Corrode
VCT 2026: China Kickoff,Main Event,Lower Round 5,Dragon Ranger Gaming vs EDward Gaming,Split
VCT 2026: China Kickoff,Main Event,Lower Round 5,Dragon Ranger Gaming vs EDward Gaming,Pearl
VCT 2026: China Kickoff,Main Event,Lower Round 5,Dragon Ranger Gaming vs EDward Gaming,Corrode
VCT 2026: China Kickoff,Main Event,Upper Final,All Gamers vs Xi Lai Gaming,Pearl
VCT 2026: China Kickoff,Main Event,Upper Final,All Gamers vs Xi Lai Gaming,Split
VCT 2026: China Kickoff,Main Event,Upper Final,All Gamers vs Xi Lai Gaming,Bind
VCT 2026: China Kickoff,Main Event,Upper Final,All Gamers vs Xi Lai Gaming,Abyss
VCT 2026: China Kickoff,Main Event,Upper Final,All Gamers vs Xi Lai Gaming,Haven
VCT 2026: China Kickoff,Main Event,Middle Final,Xi Lai Gaming vs Bilibili Gaming,Abyss
VCT 2026: China Kickoff,Main Event,Middle Final,Xi Lai Gaming vs Bilibili Gaming,Bind
VCT 2026: China Kickoff,Main Event,Middle Final,Xi Lai Gaming vs Bilibili Gaming,Breeze
VCT 2026: China Kickoff,Main Event,Middle Final,Xi Lai Gaming vs Bilibili Gaming,Pearl
VCT 2026: China Kickoff,Main Event,Middle Final,Xi Lai Gaming vs Bilibili Gaming,Split
VCT 2026: China Kickoff,Main Event,Lower Final,Bilibili Gaming vs EDward Gaming,Pearl
VCT 2026: China Kickoff,Main Event,Lower Final,Bilibili Gaming vs EDward Gaming,Haven
VCT 2026: China Kickoff,Main Event,Lower Final,Bilibili Gaming vs EDward Gaming,Abyss
VCT 2026: China Kickoff,Main Event,Lower Final,Bilibili Gaming vs EDward Gaming,Split
